,userId,movieId,rating,title,genres,year
0,2,60756,5.0,Step Brothers,Comedy,2008.0
1,62,60756,3.5,Step Brothers,Comedy,2008.0
2,424,60756,4.0,Step Brothers,Comedy,2008.0
3,2,89774,5.0,Warrior,Drama,2011.0
4,2,106782,5.0,"Wolf of Wall Street, The",Comedy|Crime|Drama,2013.0
5,537,106782,5.0,"Wolf of Wall Street, The",Comedy|Crime|Drama,2013.0
6,7,48516,1.0,"Departed, The",Crime|Drama|Thriller,2006.0
7,357,48516,4.0,"Departed, The",Crime|Drama|Thriller,2006.0
8,424,48516,4.5,"Departed, The",Crime|Drama|Thriller,2006.0
9,18,431,4.0,Carlito's Way,Crime|Drama,1993.0
10,18,1221,5.0,"Godfather: Part II, The",Crime|Drama,1974.0
11,474,1221,5.0,"Godfather: Part II, The",Crime|Drama,1974.0
12,18,5995,4.5,"Pianist, The",Drama|War,2002.0
13,474,5995,4.5,"Pianist, The",Drama|War,2002.0
14,18,44665,4.5,Lucky Number Slevin,Crime|Drama|Mystery,2006.0
15,18,52604,4.5,Fracture,Crime|Drama|Mystery|Thriller,2007.0
16,18,88094,3.0,Upside Down: The Creation Records Story,Documentary,2010.0
17,18,144210,4.0,Just Eat It: A Food Waste Story,Documentary,2014.0
18,21,119141,0.5,The Interview,Action|Comedy,2014.0
19,62,119141,3.0,The Interview,Action|Comedy,2014.0
20,49,109487,4.5,Interstellar,Sci-Fi|IMAX,2014.0
21,567,109487,3.0,Interstellar,Sci-Fi|IMAX,2014.0
22,62,2,4.0,Jumanji,Adventure|Children|Fantasy,1995.0
23,474,2,3.0,Jumanji,Adventure|Children|Fantasy,1995.0
24,62,110,4.5,Braveheart,Action|Drama|War,1995.0
25,474,110,3.0,Braveheart,Action|Drama|War,1995.0
26,62,410,4.5,Addams Family Values,Children|Comedy|Fantasy,1993.0
27,62,2023,5.0,"Godfather: Part III, The",Crime|Drama|Mystery|Thriller,1990.0
28,62,2124,5.0,"Addams Family, The",Children|Comedy|Fantasy,1991.0
29,62,2953,3.5,Home Alone 2: Lost in New York,Children|Comedy,1992.0
30,62,3114,3.0,Toy Story 2,Adventure|Animation|Children|Comedy|Fantasy,1999.0
31,474,3114,4.0,Toy Story 2,Adventure|Animation|Children|Comedy|Fantasy,1999.0
32,62,3578,4.5,Gladiator,Action|Adventure|Drama,2000.0
33,606,3578,3.5,Gladiator,Action|Adventure|Drama,2000.0
34,62,4223,4.5,Enemy at the Gates,Drama|War,2001.0
35,62,5388,4.5,Insomnia,Action|Crime|Drama|Mystery|Thriller,2002.0
36,184,5388,3.5,Insomnia,Action|Crime|Drama|Mystery|Thriller,2002.0
37,62,6058,3.5,Final Destination 2,Horror|Thriller,2003.0
38,62,6534,3.5,Hulk,Action|Adventure|Sci-Fi,2003.0
39,62,6541,3.5,"League of Extraordinary Gentlemen, The",Action|Fantasy|Sci-Fi,2003.0
40,62,6564,3.5,Lara Croft Tomb Raider: The Cradle of Life,Action|Adventure|Comedy|Romance|Thriller,2003.0
41,62,7153,5.0,"Lord of the Rings: The Return of the King, The",Action|Adventure|Drama|Fantasy,2003.0
42,474,7153,5.0,"Lord of the Rings: The Return of the King, The",Action|Adventure|Drama|Fantasy,2003.0
43,62,8641,4.0,Anchorman: The Legend of Ron Burgundy,Comedy,2004.0
44,305,8641,3.0,Anchorman: The Legend of Ron Burgundy,Comedy,2004.0
45,327,8641,5.0,Anchorman: The Legend of Ron Burgundy,Comedy,2004.0
46,424,8641,4.5,Anchorman: The Legend of Ron Burgundy,Comedy,2004.0
47,62,27660,4.5,"Animatrix, The",Action|Animation|Drama|Sci-Fi,2003.0
48,62,27706,4.0,Lemony Snicket's A Series of Unfortunate Events,Adventure|Children|Comedy|Fantasy,2004.0
49,62,27808,4.0,Spanglish,Comedy|Drama|Romance,2004.0
50,62,27831,4.5,Layer Cake,Crime|Drama|Thriller,2004.0
51,62,31658,3.5,Howl's Moving Castle,Adventure|Animation|Fantasy|Romance,2004.0
52,474,31658,4.0,Howl's Moving Castle,Adventure|Animation|Fantasy|Romance,2004.0
53,62,33162,4.0,Kingdom of Heaven,Action|Drama|Romance|War,2005.0
54,62,34150,3.0,Fantastic Four,Action|Adventure|Sci-Fi,2005.0
55,62,37729,4.0,Corpse Bride,Animation|Comedy|Fantasy|Musical|Romance,2005.0
56,336,37729,2.5,Corpse Bride,Animation|Comedy|Fantasy|Musical|Romance,2005.0
57,474,37729,4.0,Corpse Bride,Animation|Comedy|Fantasy|Musical|Romance,2005.0
58,62,38061,4.0,Kiss Kiss Bang Bang,Comedy|Crime|Mystery|Thriller,2005.0
59,62,45447,3.5,"Da Vinci Code, The",Drama|Mystery|Thriller,2006.0
60,62,46723,3.0,Babel,Drama|Thriller,2006.0
61,62,46972,4.0,Night at the Museum,Action|Comedy|Fantasy|IMAX,2006.0
62,62,46976,4.0,Stranger than Fiction,Comedy|Drama|Fantasy|Romance,2006.0
63,62,49130,4.0,"Good Year, A",Comedy|Drama|Romance,2006.0
64,62,49530,4.5,Blood Diamond,Action|Adventure|Crime|Drama|Thriller|War,2006.0
65,62,53464,3.0,Fantastic Four: Rise of the Silver Surfer,Action|Adventure|Sci-Fi,2007.0
66,62,58047,3.5,"Definitely, Maybe",Comedy|Drama|Romance,2008.0
67,62,59501,4.0,"Chronicles of Narnia: Prince Caspian, The",Adventure|Children|Fantasy,2008.0
68,62,60074,3.0,Hancock,Action|Adventure|Comedy|Crime|Fantasy,2008.0
69,62,60126,3.0,Get Smart,Action|Comedy,2008.0
70,62,61024,4.0,Pineapple Express,Action|Comedy|Crime,2008.0
71,62,63992,1.0,Twilight,Drama|Fantasy|Romance|Thriller,2008.0
72,62,68848,4.0,"Brothers Bloom, The",Adventure|Comedy|Crime|Romance,2008.0
73,62,71535,3.5,Zombieland,Action|Comedy|Horror,2009.0
74,62,87430,3.5,Green Lantern,Action|Adventure|Sci-Fi,2011.0
75,62,88405,3.5,Friends with Benefits,Comedy|Romance,2011.0
76,62,96861,3.5,Taken 2,Action|Crime|Drama|Thriller,2012.0
77,62,99114,5.0,Django Unchained,Action|Drama|Western,2012.0
78,537,99114,4.5,Django Unchained,Action|Drama|Western,2012.0
79,62,103042,3.5,Man of Steel,Action|Adventure|Fantasy|Sci-Fi|IMAX,2013.0
80,62,104863,4.0,What If,Comedy|Drama|Romance,2013.0
81,62,107348,4.0,Anchorman 2: The Legend Continues,Comedy,2013.0
82,62,108190,3.0,Divergent,Adventure|Romance|Sci-Fi|IMAX,2014.0
83,62,111743,3.5,A Million Ways to Die in the West,Comedy|Western,2014.0
84,62,114180,3.5,"Maze Runner, The",Action|Mystery|Sci-Fi,2014.0
85,62,115149,5.0,John Wick,Action|Thriller,2014.0
86,119,115149,4.5,John Wick,Action|Thriller,2014.0
87,62,116897,4.0,Wild Tales,Comedy|Drama|Thriller,2014.0
88,62,122912,4.0,Avengers: Infinity War - Part I,Action|Adventure|Sci-Fi,2018.0
89,567,122912,3.0,Avengers: Infinity War - Part I,Action|Adventure|Sci-Fi,2018.0
90,62,128360,5.0,The Hateful Eight,Western,2015.0
91,62,135133,3.5,The Hunger Games: Mockingjay - Part 2,Adventure|Sci-Fi,2015.0
92,62,135518,3.5,Self/less,Action|Mystery|Sci-Fi|Thriller,2015.0
93,62,135536,4.0,Suicide Squad,Action|Crime|Sci-Fi,2016.0
94,62,136864,4.0,Batman v Superman: Dawn of Justice,Action|Adventure|Fantasy|Sci-Fi,2016.0
95,62,139385,4.0,The Revenant,Adventure|Drama,2015.0
96,567,139385,3.0,The Revenant,Adventure|Drama,2015.0
97,62,158966,4.5,Captain Fantastic,Drama,2016.0
98,62,168248,4.5,John Wick: Chapter Two,Action|Crime|Thriller,2017.0
99,610,168248,5.0,John Wick: Chapter Two,Action|Crime|Thriller,2017.0
100,62,174053,5.0,Black Mirror: White Christmas,Drama|Horror|Mystery|Sci-Fi|Thriller,2014.0
101,62,179401,3.5,Jumanji: Welcome to the Jungle,Action|Adventure|Children,2017.0
102,62,183611,4.0,Game Night,Action|Comedy|Crime|Horror,2018.0
103,62,184471,3.5,Tomb Raider,Action|Adventure|Fantasy,2018.0
104,62,187593,4.0,Deadpool 2,Action|Comedy|Sci-Fi,2018.0
105,62,187595,4.0,Solo: A Star Wars Story,Action|Adventure|Children|Sci-Fi,2018.0
106,63,260,5.0,Star Wars: Episode IV - A New Hope,Action|Adventure|Sci-Fi,1977.0
107,76,260,4.0,Star Wars: Episode IV - A New Hope,Action|Adventure|Sci-Fi,1977.0
108,103,260,4.0,Star Wars: Episode IV - A New Hope,Action|Adventure|Sci-Fi,1977.0
109,112,260,5.0,Star Wars: Episode IV - A New Hope,Action|Adventure|Sci-Fi,1977.0
110,193,260,5.0,Star Wars: Episode IV - A New Hope,Action|Adventure|Sci-Fi,1977.0
111,205,260,4.5,Star Wars: Episode IV - A New Hope,Action|Adventure|Sci-Fi,1977.0
112,474,260,4.0,Star Wars: Episode IV - A New Hope,Action|Adventure|Sci-Fi,1977.0
113,103,296,5.0,Pulp Fiction,Comedy|Crime|Drama|Thriller,1994.0
114,424,296,4.5,Pulp Fiction,Comedy|Crime|Drama|Thriller,1994.0
115,474,296,4.0,Pulp Fiction,Comedy|Crime|Drama|Thriller,1994.0
116,599,296,5.0,Pulp Fiction,Comedy|Crime|Drama|Thriller,1994.0
117,106,4896,5.0,Harry Potter and the Sorcerer's Stone,Adventure|Children|Fantasy,2001.0
118,184,4896,3.5,Harry Potter and the Sorcerer's Stone,Adventure|Children|Fantasy,2001.0
119,474,4896,4.5,Harry Potter and the Sorcerer's Stone,Adventure|Children|Fantasy,2001.0
120,106,106489,5.0,"Hobbit: The Desolation of Smaug, The",Adventure|Fantasy|IMAX,2013.0
121,119,101142,4.0,"Croods, The",Adventure|Animation|Comedy,2013.0
122,119,115617,5.0,Big Hero 6,Action|Animation|Comedy,2014.0
123,177,115617,5.0,Big Hero 6,Action|Animation|Comedy,2014.0
124,119,120635,4.5,Taken 3,Action|Crime|Thriller,2015.0
125,125,1726,4.5,"Postman, The",Action|Adventure|Drama|Sci-Fi,1997.0
126,125,2387,4.5,Very Bad Things,Comedy|Crime,1998.0
127,125,3052,5.0,Dogma,Adventure|Comedy|Fantasy,1999.0
128,474,3052,4.0,Dogma,Adventure|Comedy|Fantasy,1999.0
129,125,5088,5.0,Going Places,Comedy|Crime|Drama,1974.0
130,125,7022,5.0,Battle Royale,Action|Drama|Horror|Thriller,2000.0
131,125,7254,5.0,The Butterfly Effect,Drama|Sci-Fi|Thriller,2004.0
132,125,8957,5.0,Saw,Horror|Mystery|Thriller,2004.0
133,125,9010,5.0,Love Me If You Dare,Drama|Romance,2003.0
134,125,42632,5.0,Lady Vengeance,Crime|Drama|Mystery|Thriller,2005.0
135,125,58301,5.0,Funny Games U.S.,Drama|Thriller,2007.0
136,567,58301,4.5,Funny Games U.S.,Drama|Thriller,2007.0
137,125,60950,5.0,Vicky Cristina Barcelona,Comedy|Drama|Romance,2008.0
138,125,62434,4.5,Zack and Miri Make a Porno,Comedy|Drama|Romance,2008.0
139,125,67695,5.0,Observe and Report,Action|Comedy,2009.0
140,125,100083,5.0,Movie 43,Comedy,2013.0
141,125,156371,4.0,Everybody Wants Some,Comedy,2016.0
142,125,158872,5.0,Sausage Party,Animation|Comedy,2016.0
143,132,3556,4.0,"Virgin Suicides, The",Drama|Romance,1999.0
144,474,3556,4.0,"Virgin Suicides, The",Drama|Romance,1999.0
145,132,6323,3.0,Identity,Crime|Horror|Mystery|Thriller,2003.0
146,132,6367,3.0,Down with Love,Comedy|Romance,2003.0
147,474,6367,4.0,Down with Love,Comedy|Romance,2003.0
148,138,59103,4.5,"Forbidden Kingdom, The",Action|Adventure|Comedy|Fantasy,2008.0
149,161,52287,4.0,Meet the Robinsons,Action|Adventure|Animation|Children|Comedy|Sci-Fi,2007.0
150,166,293,4.5,Léon: The Professional,Action|Crime|Drama|Thriller,1994.0
151,474,293,3.5,Léon: The Professional,Action|Crime|Drama|Thriller,1994.0
152,599,293,5.0,Léon: The Professional,Action|Crime|Drama|Thriller,1994.0
153,166,54286,5.0,"Bourne Ultimatum, The",Action|Crime|Thriller,2007.0
154,167,104,4.0,Happy Gilmore,Comedy,1996.0
155,474,104,2.0,Happy Gilmore,Comedy,1996.0
156,477,104,4.0,Happy Gilmore,Comedy,1996.0
157,184,2579,4.0,Following,Crime|Mystery|Thriller,1998.0
158,474,2579,4.0,Following,Crime|Mystery|Thriller,1998.0
159,184,3793,3.5,X-Men,Action|Adventure|Sci-Fi,2000.0
160,474,3793,4.5,X-Men,Action|Adventure|Sci-Fi,2000.0
161,184,4226,5.0,Memento,Mystery|Thriller,2000.0
162,424,4226,4.5,Memento,Mystery|Thriller,2000.0
163,474,4226,5.0,Memento,Mystery|Thriller,2000.0
164,477,4226,4.0,Memento,Mystery|Thriller,2000.0
165,567,4226,3.5,Memento,Mystery|Thriller,2000.0
166,184,6283,4.0,Cowboy Bebop: The Movie,Action|Animation|Sci-Fi|Thriller,2001.0
167,184,27156,4.5,Neon Genesis Evangelion: The End of Evangelion,Action|Animation|Drama|Fantasy|Sci-Fi,1997.0
168,184,193565,3.5,Gintama: The Movie,Action|Animation|Comedy|Sci-Fi,2010.0
169,193,4878,4.0,Donnie Darko,Drama|Mystery|Sci-Fi|Thriller,2001.0
170,474,4878,4.5,Donnie Darko,Drama|Mystery|Sci-Fi|Thriller,2001.0
171,477,4878,5.0,Donnie Darko,Drama|Mystery|Sci-Fi|Thriller,2001.0
172,567,4878,3.5,Donnie Darko,Drama|Mystery|Sci-Fi|Thriller,2001.0
173,193,7147,3.5,Big Fish,Drama|Fantasy|Romance,2003.0
174,193,97938,4.0,Life of Pi,Adventure|Drama|IMAX,2012.0
175,226,6938,4.0,Billabong Odyssey,Documentary,2003.0
176,226,48780,4.0,"Prestige, The",Drama|Mystery|Sci-Fi|Thriller,2006.0
177,567,48780,3.5,"Prestige, The",Drama|Mystery|Sci-Fi|Thriller,2006.0
178,256,126548,4.5,The DUFF,Comedy,2015.0
179,274,68319,2.5,X-Men Origins: Wolverine,Action|Sci-Fi|Thriller,2009.0
180,477,68319,3.5,X-Men Origins: Wolverine,Action|Sci-Fi|Thriller,2009.0
181,289,3,2.5,Grumpier Old Men,Comedy|Romance,1995.0
182,289,1101,2.0,Top Gun,Action|Romance,1986.0
183,474,1101,3.5,Top Gun,Action|Romance,1986.0
184,291,50872,5.0,Ratatouille,Animation|Children|Drama,2007.0
185,567,50872,4.0,Ratatouille,Animation|Children|Drama,2007.0
186,291,102007,3.0,"Invincible Iron Man, The",Animation,2007.0
187,291,118696,4.0,The Hobbit: The Battle of the Five Armies,Adventure|Fantasy,2014.0
188,300,6711,5.0,Lost in Translation,Comedy|Drama|Romance,2003.0
189,474,6711,3.5,Lost in Translation,Comedy|Drama|Romance,2003.0
190,305,4034,4.5,Traffic,Crime|Drama|Thriller,2000.0
191,474,4034,4.5,Traffic,Crime|Drama|Thriller,2000.0
192,305,4995,5.0,"Beautiful Mind, A",Drama|Romance,2001.0
193,305,6502,5.0,28 Days Later,Action|Horror|Sci-Fi,2002.0
194,474,6502,4.5,28 Days Later,Action|Horror|Sci-Fi,2002.0
195,305,6953,1.0,21 Grams,Crime|Drama|Mystery|Romance|Thriller,2003.0
196,305,34405,2.5,Serenity,Action|Adventure|Sci-Fi,2005.0
197,474,34405,4.5,Serenity,Action|Adventure|Sci-Fi,2005.0
198,305,55721,5.0,Elite Squad,Action|Crime|Drama|Thriller,2007.0
199,305,83134,5.0,Tucker & Dale vs Evil,Comedy|Horror,2010.0
200,318,778,4.0,Trainspotting,Comedy|Crime|Drama,1996.0
201,474,778,4.0,Trainspotting,Comedy|Crime|Drama,1996.0
202,318,4612,4.5,Jesus of Montreal,Drama,1989.0
203,318,4708,5.0,Marat/Sade,Drama|Musical,1966.0
204,318,64034,4.0,"Boy in the Striped Pajamas, The",Drama|War,2008.0
205,318,68954,4.0,Up,Adventure|Animation|Children|Drama,2009.0
206,567,68954,3.0,Up,Adventure|Animation|Children|Drama,2009.0
207,318,71494,3.5,"Haunted World of El Superbeasto, The",Action|Animation|Comedy|Horror|Thriller,2009.0
208,318,81158,3.0,Restrepo,Documentary|War,2010.0
209,318,82459,5.0,True Grit,Western,2010.0
210,318,90769,4.0,Starsuckers,Documentary,2009.0
211,318,96084,4.5,Hands Over the City,Drama,1963.0
212,318,111364,3.0,Godzilla,Action|Adventure|Sci-Fi|IMAX,2014.0
213,318,118784,3.5,Good Copy Bad Copy,Documentary,2007.0
214,318,127172,3.5,A Story of Children and Film,Documentary,2013.0
215,319,364,5.0,"Lion King, The",Adventure|Animation|Children|Drama|Musical|IMAX,1994.0
216,424,364,4.5,"Lion King, The",Adventure|Animation|Children|Drama|Musical|IMAX,1994.0
217,474,364,4.5,"Lion King, The",Adventure|Animation|Children|Drama|Musical|IMAX,1994.0
218,327,1288,4.0,This Is Spinal Tap,Comedy,1984.0
219,474,1288,4.0,This Is Spinal Tap,Comedy,1984.0
220,327,1923,5.0,There's Something About Mary,Comedy|Romance,1998.0
221,424,1923,3.5,There's Something About Mary,Comedy|Romance,1998.0
222,327,2616,3.5,Dick Tracy,Action|Crime,1990.0
223,327,3481,5.0,High Fidelity,Comedy|Drama|Romance,2000.0
224,474,3481,5.0,High Fidelity,Comedy|Drama|Romance,2000.0
225,327,3897,4.0,Almost Famous,Drama,2000.0
226,474,3897,4.5,Almost Famous,Drama,2000.0
227,327,51255,3.5,Hot Fuzz,Action|Comedy|Crime|Mystery,2007.0
228,336,1,4.0,Toy Story,Adventure|Animation|Children|Comedy|Fantasy,1995.0
229,474,1,4.0,Toy Story,Adventure|Animation|Children|Comedy|Fantasy,1995.0
230,567,1,3.5,Toy Story,Adventure|Animation|Children|Comedy|Fantasy,1995.0
231,336,552,3.0,"Three Musketeers, The",Action|Adventure|Comedy|Romance,1993.0
232,336,1246,4.5,Dead Poets Society,Drama,1989.0
233,474,1246,4.5,Dead Poets Society,Drama,1989.0
234,336,32587,4.0,Sin City,Action|Crime|Film-Noir|Mystery|Thriller,2005.0
235,336,33660,4.5,Cinderella Man,Drama|Romance,2005.0
236,474,33660,4.0,Cinderella Man,Drama|Romance,2005.0
237,336,34162,4.0,Wedding Crashers,Comedy|Romance,2005.0
238,336,36529,4.0,Lord of War,Action|Crime|Drama|Thriller|War,2005.0
239,336,38798,3.5,In Her Shoes,Comedy|Drama,2005.0
240,356,2146,4.5,St. Elmo's Fire,Drama|Romance,1985.0
241,356,37384,5.0,Waiting...,Comedy,2005.0
242,356,40955,4.0,Breakfast on Pluto,Comedy|Drama,2005.0
243,356,44889,5.0,Reefer Madness: The Movie Musical,Comedy|Drama|Musical,2005.0
244,356,61323,5.0,Burn After Reading,Comedy|Crime|Drama,2008.0
245,477,61323,4.5,Burn After Reading,Comedy|Crime|Drama,2008.0
246,357,39,4.5,Clueless,Comedy|Romance,1995.0
247,474,39,3.5,Clueless,Comedy|Romance,1995.0
248,357,1059,4.5,William Shakespeare's Romeo + Juliet,Drama|Romance,1996.0
249,474,1059,4.5,William Shakespeare's Romeo + Juliet,Drama|Romance,1996.0
250,357,2762,5.0,"Sixth Sense, The",Drama|Horror|Mystery,1999.0
251,474,2762,5.0,"Sixth Sense, The",Drama|Horror|Mystery,1999.0
252,357,4370,4.0,A.I. Artificial Intelligence,Adventure|Drama|Sci-Fi,2001.0
253,474,4370,4.5,A.I. Artificial Intelligence,Adventure|Drama|Sci-Fi,2001.0
254,357,5464,4.0,Road to Perdition,Crime|Drama,2002.0
255,357,7078,5.0,Jezebel,Drama,1938.0
256,357,7444,4.5,13 Going on 30,Comedy|Fantasy|Romance,2004.0
257,357,7451,4.5,Mean Girls,Comedy,2004.0
258,474,7451,4.5,Mean Girls,Comedy,2004.0
259,357,54997,4.0,3:10 to Yuma,Action|Crime|Drama|Western,2007.0
260,357,55290,5.0,Gone Baby Gone,Crime|Drama|Mystery,2007.0
261,357,91500,4.5,The Hunger Games,Action|Adventure|Drama|Sci-Fi|Thriller,2012.0
262,357,91529,4.5,"Dark Knight Rises, The",Action|Adventure|Crime|IMAX,2012.0
263,419,98961,5.0,Zero Dark Thirty,Action|Drama|Thriller,2012.0
264,424,32,3.5,Twelve Monkeys,Mystery|Sci-Fi|Thriller,1995.0
265,474,32,4.0,Twelve Monkeys,Mystery|Sci-Fi|Thriller,1995.0
266,477,32,4.5,Twelve Monkeys,Mystery|Sci-Fi|Thriller,1995.0
267,424,47,5.0,Seven,Mystery|Thriller,1995.0
268,474,47,4.0,Seven,Mystery|Thriller,1995.0
269,424,50,5.0,"Usual Suspects, The",Crime|Mystery|Thriller,1995.0
270,474,50,4.0,"Usual Suspects, The",Crime|Mystery|Thriller,1995.0
271,424,147,3.5,"Basketball Diaries, The",Drama,1995.0
272,424,175,4.5,Kids,Drama,1995.0
273,424,223,3.5,Clerks,Comedy,1994.0
274,474,223,3.5,Clerks,Comedy,1994.0
275,424,288,4.0,Natural Born Killers,Action|Crime|Thriller,1994.0
276,424,589,2.0,Terminator 2: Judgment Day,Action|Sci-Fi,1991.0
277,474,589,4.0,Terminator 2: Judgment Day,Action|Sci-Fi,1991.0
278,477,589,5.0,Terminator 2: Judgment Day,Action|Sci-Fi,1991.0
279,424,608,3.5,Fargo,Comedy|Crime|Drama|Thriller,1996.0
280,474,608,4.0,Fargo,Comedy|Crime|Drama|Thriller,1996.0
281,424,628,5.0,Primal Fear,Crime|Drama|Mystery|Thriller,1996.0
282,474,628,3.0,Primal Fear,Crime|Drama|Mystery|Thriller,1996.0
283,424,1089,3.5,Reservoir Dogs,Crime|Mystery|Thriller,1992.0
284,474,1089,4.0,Reservoir Dogs,Crime|Mystery|Thriller,1992.0
285,477,1089,4.0,Reservoir Dogs,Crime|Mystery|Thriller,1992.0
286,424,1120,3.5,"People vs. Larry Flynt, The",Comedy|Drama,1996.0
287,424,1193,4.0,One Flew Over the Cuckoo's Nest,Drama,1975.0
288,474,1193,3.5,One Flew Over the Cuckoo's Nest,Drama,1975.0
289,424,1219,4.0,Psycho,Crime|Horror,1960.0
290,474,1219,4.5,Psycho,Crime|Horror,1960.0
291,477,1219,4.0,Psycho,Crime|Horror,1960.0
292,424,1258,4.5,"Shining, The",Horror,1980.0
293,474,1258,4.0,"Shining, The",Horror,1980.0
294,424,1343,4.5,Cape Fear,Thriller,1991.0
295,474,1343,4.5,Cape Fear,Thriller,1991.0
296,424,1625,4.5,"Game, The",Drama|Mystery|Thriller,1997.0
297,474,1625,4.0,"Game, The",Drama|Mystery|Thriller,1997.0
298,424,1704,4.0,Good Will Hunting,Drama|Romance,1997.0
299,567,1704,3.0,Good Will Hunting,Drama|Romance,1997.0
300,424,1921,3.5,Pi,Drama|Sci-Fi|Thriller,1998.0
301,474,1921,4.0,Pi,Drama|Sci-Fi|Thriller,1998.0
302,567,1921,3.0,Pi,Drama|Sci-Fi|Thriller,1998.0
303,424,2160,4.5,Rosemary's Baby,Drama|Horror|Thriller,1968.0
304,474,2160,4.0,Rosemary's Baby,Drama|Horror|Thriller,1968.0
305,424,2296,3.0,"Night at the Roxbury, A",Comedy,1998.0
306,424,2329,4.0,American History X,Crime|Drama,1998.0
307,474,2329,4.0,American History X,Crime|Drama,1998.0
308,537,2329,4.5,American History X,Crime|Drama,1998.0
309,424,2505,3.5,8MM,Drama|Mystery|Thriller,1999.0
310,424,2571,2.0,"Matrix, The",Action|Sci-Fi|Thriller,1999.0
311,474,2571,4.5,"Matrix, The",Action|Sci-Fi|Thriller,1999.0
312,537,2571,4.0,"Matrix, The",Action|Sci-Fi|Thriller,1999.0
313,424,2700,5.0,"South Park: Bigger, Longer and Uncut",Animation|Comedy|Musical,1999.0
314,424,2959,4.5,Fight Club,Action|Crime|Drama|Thriller,1999.0
315,435,2959,5.0,Fight Club,Action|Crime|Drama|Thriller,1999.0
316,474,2959,4.0,Fight Club,Action|Crime|Drama|Thriller,1999.0
317,599,2959,5.0,Fight Club,Action|Crime|Drama|Thriller,1999.0
318,424,3176,5.0,"Talented Mr. Ripley, The",Drama|Mystery|Thriller,1999.0
319,474,3176,5.0,"Talented Mr. Ripley, The",Drama|Mystery|Thriller,1999.0
320,424,3186,3.5,"Girl, Interrupted",Drama,1999.0
321,424,3499,3.5,Misery,Drama|Horror|Thriller,1990.0
322,424,3911,3.5,Best in Show,Comedy,2000.0
323,474,3911,4.5,Best in Show,Comedy,2000.0
324,424,3948,4.5,Meet the Parents,Comedy,2000.0
325,424,4262,3.5,Scarface,Action|Crime|Drama,1983.0
326,424,4816,3.0,Zoolander,Comedy,2001.0
327,424,6188,4.5,Old School,Comedy,2003.0
328,424,6290,4.5,House of 1000 Corpses,Horror,2003.0
329,424,8950,4.5,The Machinist,Drama|Mystery|Thriller,2004.0
330,474,8950,4.0,The Machinist,Drama|Mystery|Thriller,2004.0
331,424,27020,3.5,Gia,Drama|Romance,1998.0
332,424,30825,3.5,Meet the Fockers,Comedy,2004.0
333,424,34323,4.5,"Devil's Rejects, The",Action|Crime|Horror,2005.0
334,424,40278,4.0,Jarhead,Action|Drama|War,2005.0
335,424,53127,3.5,Bug,Drama|Horror|Thriller,2007.0
336,424,66097,4.5,Coraline,Animation|Fantasy|Thriller,2009.0
337,424,68157,4.5,Inglourious Basterds,Action|Drama|War,2009.0
338,424,74458,5.0,Shutter Island,Drama|Mystery|Thriller,2010.0
339,424,79132,2.5,Inception,Action|Crime|Drama|Mystery|Sci-Fi|Thriller|IMAX,2010.0
340,477,79132,4.5,Inception,Action|Crime|Drama|Mystery|Sci-Fi|Thriller|IMAX,2010.0
341,537,79132,5.0,Inception,Action|Crime|Drama|Mystery|Sci-Fi|Thriller|IMAX,2010.0
342,567,79132,3.0,Inception,Action|Crime|Drama|Mystery|Sci-Fi|Thriller|IMAX,2010.0
343,424,81591,3.5,Black Swan,Drama|Thriller,2010.0
344,424,102903,1.5,Now You See Me,Crime|Mystery|Thriller,2013.0
345,424,104879,5.0,Prisoners,Drama|Mystery|Thriller,2013.0
346,424,106100,4.0,Dallas Buyers Club,Drama,2013.0
347,424,112515,4.5,"Babadook, The",Drama|Horror|Thriller,2014.0
348,424,112556,1.0,Gone Girl,Drama|Thriller,2014.0
349,435,58559,5.0,"Dark Knight, The",Action|Crime|Drama|IMAX,2008.0
350,567,58559,4.0,"Dark Knight, The",Action|Crime|Drama|IMAX,2008.0
351,439,5952,4.0,"Lord of the Rings: The Two Towers, The",Adventure|Fantasy,2002.0
352,474,5952,5.0,"Lord of the Rings: The Two Towers, The",Adventure|Fantasy,2002.0
353,439,98809,3.5,"Hobbit: An Unexpected Journey, The",Adventure|Fantasy|IMAX,2012.0
354,462,152711,5.0,Who Killed Chea Vichea?,Documentary,2010.0
355,474,5,1.5,Father of the Bride Part II,Comedy,1995.0
356,474,7,3.0,Sabrina,Comedy|Romance,1995.0
357,474,11,2.5,"American President, The",Comedy|Drama|Romance,1995.0
358,474,14,3.0,Nixon,Drama,1995.0
359,474,16,4.0,Casino,Crime|Drama,1995.0
360,474,17,5.0,Sense and Sensibility,Drama|Romance,1995.0
361,474,21,4.0,Get Shorty,Comedy|Crime|Thriller,1995.0
362,474,22,3.0,Copycat,Crime|Drama|Horror|Mystery|Thriller,1995.0
363,474,25,3.5,Leaving Las Vegas,Drama|Romance,1995.0
364,474,26,3.5,Othello,Drama,1995.0
365,474,28,4.5,Persuasion,Drama|Romance,1995.0
366,474,29,3.5,"City of Lost Children, The",Adventure|Drama|Fantasy|Mystery|Sci-Fi,1995.0
367,474,31,3.0,Dangerous Minds,Drama,1995.0
368,474,34,4.5,Babe,Children|Drama,1995.0
369,477,34,4.0,Babe,Children|Drama,1995.0
370,474,36,5.0,Dead Man Walking,Crime|Drama,1995.0
371,474,38,1.0,It Takes Two,Children|Comedy,1995.0
372,474,41,3.5,Richard III,Drama|War,1995.0
373,474,43,3.5,Restoration,Drama,1995.0
374,474,45,4.0,To Die For,Comedy|Drama|Thriller,1995.0
375,474,46,3.0,How to Make an American Quilt,Drama|Romance,1995.0
376,474,52,4.0,Mighty Aphrodite,Comedy|Drama|Romance,1995.0
377,474,58,3.5,"Postman, The",Comedy|Drama|Romance,1994.0
378,474,62,2.5,Mr. Holland's Opus,Drama,1995.0
379,474,92,3.5,Mary Reilly,Drama|Horror|Thriller,1996.0
380,474,96,3.5,In the Bleak Midwinter,Comedy|Drama,1995.0
381,474,101,3.5,Bottle Rocket,Adventure|Comedy|Crime|Romance,1996.0
382,567,101,3.0,Bottle Rocket,Adventure|Comedy|Crime|Romance,1996.0
383,474,107,3.0,Muppet Treasure Island,Adventure|Children|Comedy|Musical,1996.0
384,474,111,4.0,Taxi Driver,Crime|Drama|Thriller,1976.0
385,474,116,3.5,Anne Frank Remembered,Documentary,1995.0
386,474,122,1.0,Boomerang,Comedy|Romance,1992.0
387,474,140,2.5,Up Close and Personal,Drama|Romance,1996.0
388,474,150,4.5,Apollo 13,Adventure|Drama|IMAX,1995.0
389,474,153,3.0,Batman Forever,Action|Adventure|Comedy|Crime,1995.0
390,474,160,1.0,Congo,Action|Adventure|Mystery|Sci-Fi,1995.0
391,474,161,3.5,Crimson Tide,Drama|Thriller|War,1995.0
392,474,162,3.5,Crumb,Documentary,1994.0
393,474,185,3.0,"Net, The",Action|Crime|Thriller,1995.0
394,474,199,4.5,"Umbrellas of Cherbourg, The",Drama|Musical|Romance,1964.0
395,474,215,3.5,Before Sunrise,Drama|Romance,1995.0
396,474,216,1.0,Billy Madison,Comedy,1995.0
397,477,216,4.0,Billy Madison,Comedy,1995.0
398,474,222,4.0,Circle of Friends,Drama|Romance,1995.0
399,474,224,3.5,Don Juan DeMarco,Comedy|Drama|Romance,1995.0
400,474,230,3.5,Dolores Claiborne,Drama|Thriller,1995.0
401,474,232,4.0,Eat Drink Man Woman,Comedy|Drama|Romance,1994.0
402,474,235,4.0,Ed Wood,Comedy|Drama,1994.0
403,474,237,3.5,Forget Paris,Comedy|Romance,1995.0
404,474,246,4.0,Hoop Dreams,Documentary,1994.0
405,474,247,4.0,Heavenly Creatures,Crime|Drama,1994.0
406,474,249,4.0,Immortal Beloved,Drama|Romance,1994.0
407,474,252,2.0,I.Q.,Comedy|Romance,1994.0
408,474,257,3.0,Just Cause,Mystery|Thriller,1995.0
409,474,261,4.0,Little Women,Drama,1994.0
410,474,262,4.0,"Little Princess, A",Children|Drama,1995.0
411,474,272,3.5,"Madness of King George, The",Comedy|Drama,1994.0
412,474,277,2.0,Miracle on 34th Street,Drama,1994.0
413,474,280,3.0,Murder in the First,Drama|Thriller,1995.0
414,474,282,3.0,Nell,Drama,1994.0
415,474,300,4.0,Quiz Show,Drama,1994.0
416,474,307,4.5,Three Colors: Blue,Drama,1993.0
417,474,308,4.0,Three Colors: White,Comedy|Drama,1994.0
418,567,308,2.5,Three Colors: White,Comedy|Drama,1994.0
419,474,316,3.5,Stargate,Action|Adventure|Sci-Fi,1994.0
420,474,317,2.0,"Santa Clause, The",Comedy|Drama|Fantasy,1994.0
421,474,318,5.0,"Shawshank Redemption, The",Crime|Drama,1994.0
422,477,318,5.0,"Shawshank Redemption, The",Crime|Drama,1994.0
423,474,329,4.0,Star Trek: Generations,Adventure|Drama|Sci-Fi,1994.0
424,474,337,4.0,What's Eating Gilbert Grape,Drama,1993.0
425,474,338,3.0,Virtuosity,Action|Sci-Fi|Thriller,1995.0
426,474,339,3.5,While You Were Sleeping,Comedy|Romance,1995.0
427,474,342,3.5,Muriel's Wedding,Comedy,1994.0
428,474,345,3.5,"Adventures of Priscilla, Queen of the Desert, The",Comedy|Drama,1994.0
429,474,349,3.0,Clear and Present Danger,Action|Crime|Drama|Thriller,1994.0
430,474,350,3.0,"Client, The",Drama|Mystery|Thriller,1994.0
431,474,351,2.0,"Corrina, Corrina",Comedy|Drama|Romance,1994.0
432,474,356,3.0,Forrest Gump,Comedy|Drama|Romance|War,1994.0
433,533,356,5.0,Forrest Gump,Comedy|Drama|Romance|War,1994.0
434,567,356,3.0,Forrest Gump,Comedy|Drama|Romance|War,1994.0
435,474,357,3.0,Four Weddings and a Funeral,Comedy|Romance,1994.0
436,474,361,3.5,It Could Happen to You,Comedy|Drama|Romance,1994.0
437,474,371,3.0,"Paper, The",Comedy|Drama,1994.0
438,474,377,4.0,Speed,Action|Romance|Thriller,1994.0
439,474,380,4.0,True Lies,Action|Adventure|Comedy|Romance|Thriller,1994.0
440,474,381,2.5,When a Man Loves a Woman,Drama|Romance,1994.0
441,474,412,4.0,"Age of Innocence, The",Drama,1993.0
442,474,421,3.5,Black Beauty,Adventure|Children|Drama,1994.0
443,474,425,3.5,Blue Sky,Drama|Romance,1994.0
444,474,440,4.5,Dave,Comedy|Romance,1993.0
445,474,454,4.0,"Firm, The",Drama|Thriller,1993.0
446,474,457,5.0,"Fugitive, The",Thriller,1993.0
447,474,471,3.0,"Hudsucker Proxy, The",Comedy,1994.0
448,474,474,3.5,In the Line of Fire,Action|Thriller,1993.0
449,474,475,4.0,In the Name of the Father,Drama,1993.0
450,474,477,3.5,What's Love Got to Do with It?,Drama|Musical,1993.0
451,474,480,4.5,Jurassic Park,Action|Adventure|Sci-Fi|Thriller,1993.0
452,474,488,3.0,M. Butterfly,Drama|Romance,1993.0
453,474,497,5.0,Much Ado About Nothing,Comedy|Romance,1993.0
454,474,500,2.5,Mrs. Doubtfire,Comedy|Drama,1993.0
455,474,508,3.0,Philadelphia,Drama,1993.0
456,474,513,3.5,Radioland Murders,Comedy|Mystery|Romance,1994.0
457,474,515,5.0,"Remains of the Day, The",Drama|Romance,1993.0
458,474,516,2.0,Renaissance Man,Comedy|Drama,1994.0
459,474,522,3.5,Romper Stomper,Action|Drama,1992.0
460,474,524,2.5,Rudy,Drama,1993.0
461,474,527,5.0,Schindler's List,Drama|War,1993.0
462,537,527,1.0,Schindler's List,Drama|War,1993.0
463,474,529,4.0,Searching for Bobby Fischer,Drama,1993.0
464,474,534,5.0,Shadowlands,Drama|Romance,1993.0
465,474,535,4.0,Short Cuts,Drama,1993.0
466,474,538,3.5,Six Degrees of Separation,Drama,1993.0
467,474,539,4.5,Sleepless in Seattle,Comedy|Drama|Romance,1993.0
468,474,541,3.0,Blade Runner,Action|Sci-Fi|Thriller,1982.0
469,477,541,5.0,Blade Runner,Action|Sci-Fi|Thriller,1982.0
470,567,541,3.5,Blade Runner,Action|Sci-Fi|Thriller,1982.0
471,474,543,4.5,So I Married an Axe Murderer,Comedy|Romance|Thriller,1993.0
472,474,551,3.0,"Nightmare Before Christmas, The",Animation|Children|Fantasy|Musical,1993.0
473,474,556,3.0,"War Room, The",Documentary,1993.0
474,474,562,4.0,Welcome to the Dollhouse,Comedy|Drama,1995.0
475,474,586,2.0,Home Alone,Children|Comedy,1990.0
476,474,587,3.0,Ghost,Comedy|Drama|Fantasy|Romance|Thriller,1990.0
477,474,588,4.0,Aladdin,Adventure|Animation|Children|Comedy|Musical,1992.0
478,474,590,3.5,Dances with Wolves,Adventure|Drama|Western,1990.0
479,474,592,4.0,Batman,Action|Crime|Thriller,1989.0
480,474,593,4.5,"Silence of the Lambs, The",Crime|Horror|Thriller,1991.0
481,477,593,5.0,"Silence of the Lambs, The",Crime|Horror|Thriller,1991.0
482,474,594,3.0,Snow White and the Seven Dwarfs,Animation|Children|Drama|Fantasy|Musical,1937.0
483,474,595,5.0,Beauty and the Beast,Animation|Children|Fantasy|Musical|Romance|IMAX,1991.0
484,474,596,2.0,Pinocchio,Animation|Children|Fantasy|Musical,1940.0
485,474,597,4.0,Pretty Woman,Comedy|Romance,1990.0
486,474,616,3.5,"Aristocats, The",Animation|Children,1970.0
487,474,638,3.0,Jack and Sarah,Romance,1995.0
488,474,647,3.0,Courage Under Fire,Action|Crime|Drama|War,1996.0
489,474,648,3.5,Mission: Impossible,Action|Adventure|Mystery|Thriller,1996.0
490,474,668,3.5,Song of the Little Road,Drama,1955.0
491,474,670,4.5,"World of Apu, The",Drama,1959.0
492,474,671,3.5,Mystery Science Theater 3000: The Movie,Comedy|Sci-Fi,1996.0
493,474,673,1.5,Space Jam,Adventure|Animation|Children|Comedy|Fantasy|Sci-Fi,1996.0
494,474,708,4.5,"Truth About Cats & Dogs, The",Comedy|Romance,1996.0
495,474,720,4.0,Wallace & Gromit: The Best of Aardman Animation,Adventure|Animation|Comedy,1996.0
496,474,728,3.5,Cold Comfort Farm,Comedy,1995.0
497,474,733,4.0,"Rock, The",Action|Adventure|Thriller,1996.0
498,477,733,4.0,"Rock, The",Action|Adventure|Thriller,1996.0
499,474,736,2.0,Twister,Action|Adventure|Romance|Thriller,1996.0
500,474,745,4.0,Wallace & Gromit: A Close Shave,Animation|Children|Comedy,1995.0
501,474,748,3.5,"Arrival, The",Action|Sci-Fi|Thriller,1996.0
502,474,750,4.5,Dr. Strangelove or: How I Learned to Stop Worrying and Love the Bomb,Comedy|War,1964.0
503,477,750,5.0,Dr. Strangelove or: How I Learned to Stop Worrying and Love the Bomb,Comedy|War,1964.0
504,513,750,5.0,Dr. Strangelove or: How I Learned to Stop Worrying and Love the Bomb,Comedy|War,1964.0
505,567,750,3.0,Dr. Strangelove or: How I Learned to Stop Worrying and Love the Bomb,Comedy|War,1964.0
506,474,780,4.0,Independence Day,Action|Adventure|Sci-Fi|Thriller,1996.0
507,474,805,3.0,"Time to Kill, A",Drama|Thriller,1996.0
508,474,818,3.0,"Very Brady Sequel, A",Comedy,1996.0
509,474,830,2.0,"First Wives Club, The",Comedy,1996.0
510,474,832,2.0,Ransom,Crime|Thriller,1996.0
511,477,832,3.0,Ransom,Crime|Thriller,1996.0
512,474,838,3.0,Emma,Comedy|Drama|Romance,1996.0
513,474,852,2.0,Tin Cup,Comedy|Drama|Romance,1996.0
514,474,858,5.0,"Godfather, The",Crime|Drama,1972.0
515,474,892,3.0,Twelfth Night,Comedy|Drama|Romance,1996.0
516,474,898,4.0,"Philadelphia Story, The",Comedy|Drama|Romance,1940.0
517,474,899,4.0,Singin' in the Rain,Comedy|Musical|Romance,1952.0
518,474,900,3.5,"American in Paris, An",Musical|Romance,1951.0
519,474,902,3.5,Breakfast at Tiffany's,Drama|Romance,1961.0
520,474,903,4.5,Vertigo,Drama|Mystery|Romance|Thriller,1958.0
521,477,903,3.5,Vertigo,Drama|Mystery|Romance|Thriller,1958.0
522,474,904,4.0,Rear Window,Mystery|Thriller,1954.0
523,477,904,3.5,Rear Window,Mystery|Thriller,1954.0
524,474,905,5.0,It Happened One Night,Comedy|Romance,1934.0
525,474,906,5.0,Gaslight,Drama|Thriller,1944.0
526,474,907,3.0,"Gay Divorcee, The",Comedy|Musical|Romance,1934.0
527,474,908,3.5,North by Northwest,Action|Adventure|Mystery|Romance|Thriller,1959.0
528,477,908,4.0,North by Northwest,Action|Adventure|Mystery|Romance|Thriller,1959.0
529,474,909,4.0,"Apartment, The",Comedy|Drama|Romance,1960.0
530,474,910,4.0,Some Like It Hot,Comedy|Crime,1959.0
531,474,911,3.5,Charade,Comedy|Crime|Mystery|Romance|Thriller,1963.0
532,474,912,5.0,Casablanca,Drama|Romance,1942.0
533,474,913,4.0,"Maltese Falcon, The",Film-Noir|Mystery,1941.0
534,474,914,4.5,My Fair Lady,Comedy|Drama|Musical|Romance,1964.0
535,474,915,4.0,Sabrina,Comedy|Romance,1954.0
536,474,916,4.0,Roman Holiday,Comedy|Drama|Romance,1953.0
537,474,918,3.5,Meet Me in St. Louis,Musical,1944.0
538,474,919,4.5,"Wizard of Oz, The",Adventure|Children|Fantasy|Musical,1939.0
539,474,920,2.0,Gone with the Wind,Drama|Romance|War,1939.0
540,474,921,3.0,My Favorite Year,Comedy,1982.0
541,474,922,4.0,Sunset Blvd.,Drama|Film-Noir|Romance,1950.0
542,477,922,4.5,Sunset Blvd.,Drama|Film-Noir|Romance,1950.0
543,474,923,4.5,Citizen Kane,Drama|Mystery,1941.0
544,474,924,4.0,2001: A Space Odyssey,Adventure|Drama|Sci-Fi,1968.0
545,599,924,5.0,2001: A Space Odyssey,Adventure|Drama|Sci-Fi,1968.0
546,474,926,4.5,All About Eve,Drama,1950.0
547,474,927,4.0,"Women, The",Comedy,1939.0
548,474,928,5.0,Rebecca,Drama|Mystery|Romance|Thriller,1940.0
549,474,929,3.5,Foreign Correspondent,Drama|Film-Noir|Mystery|Thriller,1940.0
550,474,930,4.0,Notorious,Film-Noir|Romance|Thriller,1946.0
551,474,931,3.5,Spellbound,Mystery|Romance|Thriller,1945.0
552,474,934,3.0,Father of the Bride,Comedy,1950.0
553,474,936,4.0,Ninotchka,Comedy|Romance,1939.0
554,474,938,2.5,Gigi,Musical,1958.0
555,474,940,3.5,"Adventures of Robin Hood, The",Action|Adventure|Romance,1938.0
556,474,941,3.5,"Mark of Zorro, The",Adventure,1940.0
557,474,943,3.5,"Ghost and Mrs. Muir, The",Drama|Fantasy|Romance,1947.0
558,474,944,4.0,Lost Horizon,Drama,1937.0
559,474,945,4.5,Top Hat,Comedy|Musical|Romance,1935.0
560,474,947,3.5,My Man Godfrey,Comedy|Romance,1936.0
561,474,948,4.0,Giant,Drama|Romance|Western,1956.0
562,474,950,4.0,"Thin Man, The",Comedy|Crime,1934.0
563,474,951,4.5,His Girl Friday,Comedy|Romance,1940.0
564,474,952,3.0,Around the World in 80 Days,Adventure|Comedy,1956.0
565,474,953,3.5,It's a Wonderful Life,Children|Drama|Fantasy|Romance,1946.0
566,474,954,4.5,Mr. Smith Goes to Washington,Drama,1939.0
567,474,955,4.0,Bringing Up Baby,Comedy|Romance,1938.0
568,474,956,4.0,Penny Serenade,Drama|Romance,1941.0
569,474,965,4.0,"39 Steps, The",Drama|Mystery|Thriller,1935.0
570,474,968,4.0,Night of the Living Dead,Horror|Sci-Fi|Thriller,1968.0
571,474,969,5.0,"African Queen, The",Adventure|Comedy|Romance|War,1951.0
572,474,970,3.5,Beat the Devil,Adventure|Comedy|Crime|Drama|Romance,1953.0
573,474,971,3.5,Cat on a Hot Tin Roof,Drama,1958.0
574,474,973,3.5,Meet John Doe,Comedy|Drama,1941.0
575,474,976,3.0,"Farewell to Arms, A",Romance|War,1932.0
576,474,986,4.0,Fly Away Home,Adventure|Children,1996.0
577,474,991,3.0,Michael Collins,Drama,1996.0
578,474,994,3.5,Big Night,Comedy|Drama,1996.0
579,474,1006,3.5,"Chamber, The",Drama,1996.0
580,474,1010,3.0,"Love Bug, The",Children|Comedy,1969.0
581,474,1013,3.0,"Parent Trap, The",Children|Comedy|Romance,1961.0
582,474,1022,4.0,Cinderella,Animation|Children|Fantasy|Musical|Romance,1950.0
583,474,1025,3.0,"Sword in the Stone, The",Animation|Children|Fantasy|Musical,1963.0
584,474,1028,3.0,Mary Poppins,Children|Comedy|Fantasy|Musical,1964.0
585,474,1029,3.0,Dumbo,Animation|Children|Drama|Musical,1941.0
586,474,1030,2.0,Pete's Dragon,Adventure|Animation|Children|Musical,1977.0
587,474,1032,2.0,Alice in Wonderland,Adventure|Animation|Children|Fantasy|Musical,1951.0
588,474,1033,4.5,"Fox and the Hound, The",Animation|Children|Drama,1981.0
589,474,1035,5.0,"Sound of Music, The",Musical|Romance,1965.0
590,474,1041,4.5,Secrets & Lies,Drama,1996.0
591,474,1042,4.5,That Thing You Do!,Comedy|Drama,1996.0
592,474,1066,4.0,Shall We Dance,Comedy|Musical|Romance,1937.0
593,474,1068,3.5,Crossfire,Crime|Film-Noir,1947.0
594,474,1079,4.5,"Fish Called Wanda, A",Comedy|Crime,1988.0
595,474,1080,3.0,Monty Python's Life of Brian,Comedy,1979.0
596,474,1081,3.5,Victor/Victoria,Comedy|Musical|Romance,1982.0
597,474,1082,3.5,"Candidate, The",Drama,1972.0
598,474,1084,3.5,Bonnie and Clyde,Crime|Drama,1967.0
599,474,1088,3.5,Dirty Dancing,Drama|Musical|Romance,1987.0
600,474,1090,3.5,Platoon,Drama|War,1986.0
601,474,1093,3.0,"Doors, The",Drama,1991.0
602,474,1096,2.5,Sophie's Choice,Drama,1982.0
603,474,1097,4.0,E.T. the Extra-Terrestrial,Children|Drama|Sci-Fi,1982.0
604,474,1103,4.0,Rebel Without a Cause,Drama,1955.0
605,474,1104,4.0,"Streetcar Named Desire, A",Drama,1951.0
606,474,1124,4.0,On Golden Pond,Drama,1981.0
607,474,1125,3.0,"Return of the Pink Panther, The",Comedy|Crime,1975.0
608,474,1135,2.0,Private Benjamin,Comedy,1980.0
609,474,1136,4.5,Monty Python and the Holy Grail,Adventure|Comedy|Fantasy,1975.0
610,474,1147,3.0,When We Were Kings,Documentary,1996.0
611,474,1148,4.0,Wallace & Gromit: The Wrong Trousers,Animation|Children|Comedy|Crime,1993.0
612,474,1171,4.0,Bob Roberts,Comedy,1992.0
613,474,1177,5.0,Enchanted April,Drama|Romance,1992.0
614,474,1178,3.5,Paths of Glory,Drama|War,1957.0
615,474,1179,3.5,"Grifters, The",Crime|Drama|Film-Noir,1990.0
616,474,1183,2.0,"English Patient, The",Drama|Romance|War,1996.0
617,474,1185,4.0,My Left Foot,Drama,1989.0
618,474,1187,4.0,Passion Fish,Drama,1992.0
619,474,1188,5.0,Strictly Ballroom,Comedy|Romance,1992.0
620,474,1189,4.0,"Thin Blue Line, The",Documentary,1988.0
621,474,1196,5.0,Star Wars: Episode V - The Empire Strikes Back,Action|Adventure|Sci-Fi,1980.0
622,477,1196,5.0,Star Wars: Episode V - The Empire Strikes Back,Action|Adventure|Sci-Fi,1980.0
623,474,1197,4.5,"Princess Bride, The",Action|Adventure|Comedy|Fantasy|Romance,1987.0
624,474,1198,4.0,Raiders of the Lost Ark,Action|Adventure,1981.0
625,474,1200,3.5,Aliens,Action|Adventure|Horror|Sci-Fi,1986.0
626,474,1201,3.5,"Good, the Bad and the Ugly, The",Action|Adventure|Western,1966.0
627,474,1203,4.0,12 Angry Men,Drama,1957.0
628,567,1203,4.5,12 Angry Men,Drama,1957.0
629,474,1204,4.0,Lawrence of Arabia,Adventure|Drama|War,1962.0
630,474,1206,3.5,"Clockwork Orange, A",Crime|Drama|Sci-Fi|Thriller,1971.0
631,474,1207,4.0,To Kill a Mockingbird,Drama,1962.0
632,474,1208,3.5,Apocalypse Now,Action|Drama|War,1979.0
633,474,1209,3.5,Once Upon a Time in the West,Action|Drama|Western,1968.0
634,474,1210,4.0,Star Wars: Episode VI - Return of the Jedi,Action|Adventure|Sci-Fi,1983.0
635,474,1212,4.0,"Third Man, The",Film-Noir|Mystery|Thriller,1949.0
636,474,1213,3.5,Goodfellas,Crime|Drama,1990.0
637,474,1214,4.0,Alien,Horror|Sci-Fi,1979.0
638,474,1217,4.0,Ran,Drama|War,1985.0
639,474,1220,3.0,"Blues Brothers, The",Action|Comedy|Musical,1980.0
640,474,1222,4.0,Full Metal Jacket,Drama|War,1987.0
641,477,1222,5.0,Full Metal Jacket,Drama|War,1987.0
642,474,1223,4.5,"Grand Day Out with Wallace and Gromit, A",Adventure|Animation|Children|Comedy|Sci-Fi,1989.0
643,474,1224,4.0,Henry V,Action|Drama|Romance|War,1989.0
644,474,1225,4.5,Amadeus,Drama,1984.0
645,474,1228,3.0,Raging Bull,Drama,1980.0
646,474,1230,4.0,Annie Hall,Comedy|Romance,1977.0
647,474,1231,4.0,"Right Stuff, The",Drama,1983.0
648,474,1233,3.5,"Boot, Das",Action|Drama|War,1981.0
649,474,1234,4.0,"Sting, The",Comedy|Crime,1973.0
650,474,1235,4.0,Harold and Maude,Comedy|Drama|Romance,1971.0
651,474,1237,2.5,"Seventh Seal, The",Drama,1957.0
652,567,1237,3.5,"Seventh Seal, The",Drama,1957.0
653,474,1240,4.0,"Terminator, The",Action|Sci-Fi|Thriller,1984.0
654,474,1242,4.5,Glory,Drama|War,1989.0
655,474,1243,4.0,Rosencrantz and Guildenstern Are Dead,Comedy|Drama,1990.0
656,474,1244,3.5,Manhattan,Comedy|Drama|Romance,1979.0
657,474,1245,3.0,Miller's Crossing,Crime|Drama|Film-Noir|Thriller,1990.0
658,474,1247,5.0,"Graduate, The",Comedy|Drama|Romance,1967.0
659,474,1249,3.5,"Femme Nikita, La",Action|Crime|Romance|Thriller,1990.0
660,474,1250,4.0,"Bridge on the River Kwai, The",Adventure|Drama|War,1957.0
661,474,1252,4.0,Chinatown,Crime|Film-Noir|Mystery|Thriller,1974.0
662,474,1253,4.0,"Day the Earth Stood Still, The",Drama|Sci-Fi|Thriller,1951.0
663,474,1254,4.5,"Treasure of the Sierra Madre, The",Action|Adventure|Drama|Western,1948.0
664,474,1257,3.0,Better Off Dead...,Comedy|Romance,1985.0
665,474,1259,4.0,Stand by Me,Adventure|Drama,1986.0
666,474,1260,4.0,M,Crime|Film-Noir|Thriller,1931.0
667,567,1260,4.0,M,Crime|Film-Noir|Thriller,1931.0
668,474,1262,4.0,"Great Escape, The",Action|Adventure|Drama|War,1963.0
669,474,1263,3.0,"Deer Hunter, The",Drama|War,1978.0
670,474,1266,4.0,Unforgiven,Drama|Western,1992.0
671,474,1267,4.0,"Manchurian Candidate, The",Crime|Thriller|War,1962.0
672,474,1269,3.5,Arsenic and Old Lace,Comedy|Mystery|Thriller,1944.0
673,474,1270,4.5,Back to the Future,Adventure|Comedy|Sci-Fi,1985.0
674,474,1272,4.0,Patton,Drama|War,1970.0
675,474,1276,3.5,Cool Hand Luke,Drama,1967.0
676,474,1278,4.0,Young Frankenstein,Comedy|Fantasy,1974.0
677,474,1281,4.0,"Great Dictator, The",Comedy|Drama|War,1940.0
678,474,1282,3.0,Fantasia,Animation|Children|Fantasy|Musical,1940.0
679,474,1283,3.5,High Noon,Drama|Western,1952.0
680,474,1284,3.5,"Big Sleep, The",Crime|Film-Noir|Mystery,1946.0
681,474,1285,4.0,Heathers,Comedy,1989.0
682,474,1291,4.0,Indiana Jones and the Last Crusade,Action|Adventure,1989.0
683,474,1292,4.0,Being There,Comedy|Drama,1979.0
684,474,1293,4.0,Gandhi,Drama,1982.0
685,474,1296,4.0,"Room with a View, A",Drama|Romance,1986.0
686,474,1299,3.5,"Killing Fields, The",Drama|War,1984.0
687,474,1301,3.5,Forbidden Planet,Drama|Sci-Fi,1956.0
688,474,1302,3.5,Field of Dreams,Children|Drama|Fantasy,1989.0
689,474,1303,4.0,"Man Who Would Be King, The",Adventure|Drama,1975.0
690,474,1304,3.5,Butch Cassidy and the Sundance Kid,Action|Western,1969.0
691,474,1307,5.0,When Harry Met Sally...,Comedy|Romance,1989.0
692,474,1333,4.5,"Birds, The",Horror|Thriller,1963.0
693,474,1344,4.5,Cape Fear,Crime|Drama|Thriller,1962.0
694,474,1345,3.5,Carrie,Drama|Fantasy|Horror|Thriller,1976.0
695,474,1348,2.5,Nosferatu,Horror,1922.0
696,474,1350,4.0,"Omen, The",Horror|Mystery|Thriller,1976.0
697,474,1353,4.5,"Mirror Has Two Faces, The",Comedy|Drama|Romance,1996.0
698,474,1354,4.5,Breaking the Waves,Drama|Mystery,1996.0
699,474,1356,5.0,Star Trek: First Contact,Action|Adventure|Sci-Fi|Thriller,1996.0
700,474,1358,4.5,Sling Blade,Drama,1996.0
701,474,1363,2.5,"Preacher's Wife, The",Drama,1996.0
702,474,1366,4.0,"Crucible, The",Drama,1996.0
703,474,1367,2.0,101 Dalmatians,Adventure|Children|Comedy,1996.0
704,474,1372,4.5,Star Trek VI: The Undiscovered Country,Action|Mystery|Sci-Fi,1991.0
705,474,1374,4.0,Star Trek II: The Wrath of Khan,Action|Adventure|Sci-Fi|Thriller,1982.0
706,474,1376,4.0,Star Trek IV: The Voyage Home,Adventure|Comedy|Sci-Fi,1986.0
707,474,1377,2.0,Batman Returns,Action|Crime,1992.0
708,474,1380,4.0,Grease,Comedy|Musical|Romance,1978.0
709,474,1381,2.0,Grease 2,Comedy|Musical|Romance,1982.0
710,474,1387,4.5,Jaws,Action|Horror,1975.0
711,474,1389,1.5,Jaws 3-D,Action|Horror,1983.0
712,474,1393,4.5,Jerry Maguire,Drama|Romance,1996.0
713,474,1394,4.5,Raising Arizona,Comedy,1987.0
714,474,1396,4.0,Sneakers,Action|Comedy|Crime|Drama|Sci-Fi,1992.0
715,474,1398,2.5,In Love and War,Romance|War,1996.0
716,474,1407,4.0,Scream,Comedy|Horror|Mystery|Thriller,1996.0
717,474,1408,4.0,"Last of the Mohicans, The",Action|Romance|War|Western,1992.0
718,474,1411,4.0,Hamlet,Crime|Drama|Romance,1996.0
719,474,1413,4.5,"Whole Wide World, The",Drama,1996.0
720,474,1416,2.0,Evita,Drama|Musical,1996.0
721,474,1423,4.0,Hearts and Minds,Drama,1996.0
722,474,1441,3.0,Benny & Joon,Comedy|Romance,1993.0
723,474,1449,4.0,Waiting for Guffman,Comedy,1996.0
724,474,1466,4.0,Donnie Brasco,Crime|Drama,1997.0
725,474,1474,2.0,Jungle2Jungle,Children|Comedy,1997.0
726,474,1485,3.0,Liar Liar,Comedy,1997.0
727,474,1496,4.0,Anna Karenina,Drama|Romance,1997.0
728,474,1500,4.0,Grosse Pointe Blank,Comedy|Crime|Romance,1997.0
729,474,1513,3.0,Romy and Michele's High School Reunion,Comedy,1997.0
730,474,1537,4.0,Shall We Dance?,Comedy|Drama|Romance,1996.0
731,474,1544,1.0,"Lost World: Jurassic Park, The",Action|Adventure|Sci-Fi|Thriller,1997.0
732,474,1545,4.0,Ponette,Drama,1996.0
733,474,1569,4.0,My Best Friend's Wedding,Comedy|Romance,1997.0
734,474,1573,4.5,Face/Off,Action|Crime|Drama|Thriller,1997.0
735,474,1580,4.5,Men in Black,Action|Comedy|Sci-Fi,1997.0
736,474,1586,2.0,G.I. Jane,Action|Drama,1997.0
737,474,1608,3.0,Air Force One,Action|Thriller,1997.0
738,474,1610,4.0,"Hunt for Red October, The",Action|Adventure|Thriller,1990.0
739,474,1617,5.0,L.A. Confidential,Crime|Film-Noir|Mystery|Thriller,1997.0
740,474,1635,4.0,"Ice Storm, The",Drama,1997.0
741,474,1643,3.0,Mrs. Brown,Drama|Romance,1997.0
742,474,1645,2.0,The Devil's Advocate,Drama|Mystery|Thriller,1997.0
743,474,1650,4.0,Washington Square,Drama,1997.0
744,474,1653,4.5,Gattaca,Drama|Sci-Fi|Thriller,1997.0
745,567,1653,3.0,Gattaca,Drama|Sci-Fi|Thriller,1997.0
746,474,1663,3.0,Stripes,Comedy|War,1981.0
747,474,1674,4.0,Witness,Drama|Romance|Thriller,1985.0
748,474,1680,4.0,Sliding Doors,Drama|Romance,1998.0
749,474,1682,4.5,"Truman Show, The",Comedy|Drama|Sci-Fi,1998.0
750,474,1683,4.5,"Wings of the Dove, The",Drama|Romance,1997.0
751,474,1711,2.0,Midnight in the Garden of Good and Evil,Crime|Drama|Mystery,1997.0
752,474,1717,4.0,Scream 2,Comedy|Horror|Mystery|Thriller,1997.0
753,474,1719,4.0,"Sweet Hereafter, The",Drama,1997.0
754,474,1721,4.0,Titanic,Drama|Romance,1997.0
755,537,1721,3.0,Titanic,Drama|Romance,1997.0
756,474,1732,3.5,"Big Lebowski, The",Comedy|Crime,1998.0
757,599,1732,5.0,"Big Lebowski, The",Comedy|Crime,1998.0
758,474,1735,2.0,Great Expectations,Drama|Romance,1998.0
759,474,1748,4.0,Dark City,Adventure|Film-Noir|Sci-Fi|Thriller,1998.0
760,474,1777,4.5,"Wedding Singer, The",Comedy|Romance,1998.0
761,474,1797,4.0,Everest,Documentary|IMAX,1998.0
762,474,1810,2.5,Primary Colors,Comedy|Drama,1998.0
763,474,1834,4.0,"Spanish Prisoner, The",Crime|Drama|Mystery|Thriller,1997.0
764,474,1893,4.5,Beyond Silence,Drama,1996.0
765,474,1902,4.0,Dream for an Insomniac,Drama|Romance,1996.0
766,474,1909,4.5,"X-Files: Fight the Future, The",Action|Crime|Mystery|Sci-Fi|Thriller,1998.0
767,474,1912,4.0,Out of Sight,Comedy|Crime|Drama|Romance|Thriller,1998.0
768,474,1913,4.0,Picnic at Hanging Rock,Drama|Mystery,1975.0
769,474,1917,1.5,Armageddon,Action|Romance|Sci-Fi|Thriller,1998.0
770,474,1931,4.0,Mutiny on the Bounty,Adventure|Drama,1935.0
771,474,1938,4.0,"Lost Weekend, The",Drama,1945.0
772,474,1940,4.0,Gentleman's Agreement,Drama,1947.0
773,474,1942,3.5,All the King's Men,Drama,1949.0
774,474,1945,4.0,On the Waterfront,Crime|Drama,1954.0
775,474,1947,5.0,West Side Story,Drama|Musical|Romance,1961.0
776,474,1950,3.5,In the Heat of the Night,Drama|Mystery,1967.0
777,474,1951,4.0,Oliver!,Drama|Musical,1968.0
778,474,1952,4.0,Midnight Cowboy,Drama,1969.0
779,474,1953,4.0,"French Connection, The",Action|Crime|Thriller,1971.0
780,474,1954,4.0,Rocky,Drama,1976.0
781,474,1955,4.5,Kramer vs. Kramer,Drama,1979.0
782,474,1957,5.0,Chariots of Fire,Drama,1981.0
783,474,1959,4.0,Out of Africa,Drama|Romance,1985.0
784,474,1960,4.0,"Last Emperor, The",Drama,1987.0
785,474,1961,4.0,Rain Man,Drama,1988.0
786,474,1962,4.0,Driving Miss Daisy,Drama,1989.0
787,474,1975,2.0,Friday the 13th Part 2,Horror,1981.0
788,474,1976,0.5,Friday the 13th Part 3: 3D,Horror,1982.0
789,474,1977,1.5,Friday the 13th Part IV: The Final Chapter,Horror,1984.0
790,474,1983,2.0,Halloween II,Horror,1981.0
791,474,1984,2.0,Halloween III: Season of the Witch,Horror,1982.0
792,474,1994,4.0,Poltergeist,Horror|Thriller,1982.0
793,474,1995,2.0,Poltergeist II: The Other Side,Horror|Thriller,1986.0
794,474,1996,1.0,Poltergeist III,Horror|Thriller,1988.0
795,474,1997,4.0,"Exorcist, The",Horror|Mystery,1973.0
796,474,2006,4.0,"Mask of Zorro, The",Action|Comedy|Romance,1998.0
797,474,2011,2.0,Back to the Future Part II,Adventure|Comedy|Sci-Fi,1989.0
798,474,2019,4.0,Seven Samurai,Action|Adventure|Drama,1954.0
799,474,2020,4.0,Dangerous Liaisons,Drama|Romance,1988.0
800,474,2022,4.0,"Last Temptation of Christ, The",Drama,1988.0
801,474,2028,3.0,Saving Private Ryan,Action|Drama|War,1998.0
802,474,2054,4.0,"Honey, I Shrunk the Kids",Adventure|Children|Comedy|Fantasy|Sci-Fi,1989.0
803,474,2058,4.0,"Negotiator, The",Action|Crime|Drama|Mystery|Thriller,1998.0
804,474,2059,2.0,"Parent Trap, The",Children|Comedy|Romance,1998.0
805,474,2064,4.0,Roger & Me,Documentary,1989.0
806,474,2066,4.0,Out of the Past,Film-Noir,1947.0
807,474,2070,4.0,Tender Mercies,Drama|Romance|Western,1983.0
808,474,2076,4.0,Blue Velvet,Drama|Mystery|Thriller,1986.0
809,474,2078,4.0,"Jungle Book, The",Animation|Children|Comedy|Musical,1967.0
810,474,2080,4.0,Lady and the Tramp,Animation|Children|Comedy|Romance,1955.0
811,474,2085,4.0,101 Dalmatians,Adventure|Animation|Children,1961.0
812,474,2097,3.5,Something Wicked This Way Comes,Children|Drama|Fantasy|Mystery|Thriller,1983.0
813,474,2100,4.0,Splash,Comedy|Fantasy|Romance,1984.0
814,474,2108,4.0,L.A. Story,Comedy|Romance,1991.0
815,474,2114,4.0,"Outsiders, The",Drama,1983.0
816,474,2115,2.0,Indiana Jones and the Temple of Doom,Action|Adventure|Fantasy,1984.0
817,474,2116,2.0,"Lord of the Rings, The",Adventure|Animation|Children|Fantasy,1978.0
818,474,2118,4.0,"Dead Zone, The",Thriller,1983.0
819,474,2121,2.0,Cujo,Horror|Thriller,1983.0
820,474,2122,1.0,Children of the Corn,Horror|Thriller,1984.0
821,474,2139,4.0,"Secret of NIMH, The",Adventure|Animation|Children|Drama,1982.0
822,474,2145,4.0,Pretty in Pink,Comedy|Drama|Romance,1986.0
823,474,2167,2.0,Blade,Action|Horror|Thriller,1998.0
824,474,2171,5.0,Next Stop Wonderland,Comedy|Drama|Romance,1998.0
825,474,2186,4.5,Strangers on a Train,Crime|Drama|Film-Noir|Thriller,1951.0
826,474,2187,3.5,Stage Fright,Mystery|Romance|Thriller,1950.0
827,474,2194,4.0,"Untouchables, The",Action|Crime|Drama,1987.0
828,474,2202,4.5,Lifeboat,Drama|War,1944.0
829,474,2203,4.0,Shadow of a Doubt,Crime|Drama|Thriller,1943.0
830,474,2206,4.5,Suspicion,Film-Noir|Mystery|Thriller,1941.0
831,474,2208,4.0,"Lady Vanishes, The",Drama|Mystery|Thriller,1938.0
832,474,2243,4.5,Broadcast News,Comedy|Drama|Romance,1987.0
833,474,2247,2.0,Married to the Mob,Comedy,1988.0
834,474,2248,5.0,Say Anything...,Comedy|Drama|Romance,1989.0
835,474,2249,2.0,My Blue Heaven,Comedy,1990.0
836,474,2268,4.0,"Few Good Men, A",Crime|Drama|Thriller,1992.0
837,474,2291,4.5,Edward Scissorhands,Drama|Fantasy|Romance,1990.0
838,474,2295,5.0,"Impostors, The",Comedy,1998.0
839,474,2300,4.5,"Producers, The",Comedy,1968.0
840,474,2302,2.0,My Cousin Vinny,Comedy,1992.0
841,474,2310,4.0,"Mighty, The",Drama,1998.0
842,474,2312,2.5,Children of a Lesser God,Drama,1986.0
843,474,2313,4.5,"Elephant Man, The",Drama,1980.0
844,474,2324,5.0,Life Is Beautiful,Comedy|Drama|Romance|War,1997.0
845,567,2324,3.5,Life Is Beautiful,Comedy|Drama|Romance|War,1997.0
846,474,2334,4.0,"Siege, The",Action|Thriller,1998.0
847,474,2335,2.0,"Waterboy, The",Comedy,1998.0
848,474,2336,4.0,Elizabeth,Drama,1998.0
849,474,2355,4.0,"Bug's Life, A",Adventure|Animation|Children|Comedy,1998.0
850,474,2357,4.5,Central Station,Drama,1998.0
851,474,2390,3.5,Little Voice,Comedy,1998.0
852,474,2391,4.0,"Simple Plan, A",Crime|Drama|Thriller,1998.0
853,474,2394,5.0,"Prince of Egypt, The",Animation|Musical,1998.0
854,474,2396,4.0,Shakespeare in Love,Comedy|Drama|Romance,1998.0
855,474,2410,2.0,Rocky III,Action|Drama,1982.0
856,474,2411,1.0,Rocky IV,Action|Drama,1985.0
857,474,2412,1.5,Rocky V,Action|Drama,1990.0
858,474,2420,4.0,"Karate Kid, The",Drama,1984.0
859,474,2421,2.0,"Karate Kid, Part II, The",Action|Adventure|Drama,1986.0
860,474,2422,2.0,"Karate Kid, Part III, The",Action|Adventure|Children|Drama,1989.0
861,474,2423,1.5,Christmas Vacation,Comedy,1989.0
862,474,2424,5.0,You've Got Mail,Comedy|Romance,1998.0
863,474,2431,1.0,Patch Adams,Comedy|Drama,1998.0
864,474,2442,4.0,Hilary and Jackie,Drama,1998.0
865,474,2463,2.0,Ruthless People,Comedy,1986.0
866,474,2467,3.5,"Name of the Rose, The",Crime|Drama|Mystery|Thriller,1986.0
867,474,2470,2.0,Crocodile Dundee,Adventure|Comedy,1986.0
868,474,2471,1.0,Crocodile Dundee II,Action|Adventure|Comedy,1988.0
869,474,2491,2.0,Simply Irresistible,Comedy|Romance,1999.0
870,474,2494,4.0,"Last Days, The",Documentary,1998.0
871,474,2502,4.0,Office Space,Comedy|Crime,1999.0
872,474,2506,2.0,"Other Sister, The",Comedy|Drama|Romance,1999.0
873,474,2517,1.0,Christine,Horror,1983.0
874,474,2529,4.0,Planet of the Apes,Action|Drama|Sci-Fi,1968.0
875,474,2550,4.0,"Haunting, The",Horror|Thriller,1963.0
876,474,2553,3.5,Village of the Damned,Horror|Sci-Fi|Thriller,1960.0
877,474,2554,3.5,Children of the Damned,Horror|Sci-Fi|Thriller,1963.0
878,474,2565,5.0,"King and I, The",Drama|Musical|Romance,1956.0
879,474,2572,2.5,10 Things I Hate About You,Comedy|Romance,1999.0
880,474,2581,4.0,Never Been Kissed,Comedy|Romance,1999.0
881,474,2583,4.0,Cookie's Fortune,Comedy|Drama,1999.0
882,474,2598,2.0,Pushing Tin,Comedy,1999.0
883,474,2600,4.0,eXistenZ,Action|Sci-Fi|Thriller,1999.0
884,474,2612,4.0,Mildred Pierce,Drama|Film-Noir,1945.0
885,474,2628,4.0,Star Wars: Episode I - The Phantom Menace,Action|Adventure|Sci-Fi,1999.0
886,474,2640,4.0,Superman,Action|Adventure|Sci-Fi,1978.0
887,474,2641,4.0,Superman II,Action|Sci-Fi,1980.0
888,474,2642,1.5,Superman III,Action|Adventure|Sci-Fi,1983.0
889,474,2648,3.5,Frankenstein,Drama|Horror|Sci-Fi,1931.0
890,474,2660,3.5,"Thing from Another World, The",Horror|Sci-Fi,1951.0
891,474,2664,4.0,Invasion of the Body Snatchers,Horror|Sci-Fi|Thriller,1956.0
892,474,2692,4.0,Run Lola Run,Action|Crime,1998.0
893,474,2693,4.0,Trekkies,Documentary,1997.0
894,474,2710,4.0,"Blair Witch Project, The",Drama|Horror|Thriller,1999.0
895,474,2712,4.0,Eyes Wide Shut,Drama|Mystery|Thriller,1999.0
896,474,2716,4.5,Ghostbusters,Action|Comedy|Sci-Fi,1984.0
897,474,2717,0.5,Ghostbusters II,Comedy|Fantasy|Sci-Fi,1989.0
898,474,2719,1.5,"Haunting, The",Horror|Thriller,1999.0
899,474,2723,4.5,Mystery Men,Action|Comedy|Fantasy,1999.0
900,474,2726,4.5,"Killing, The",Crime|Film-Noir,1956.0
901,474,2728,4.0,Spartacus,Action|Drama|Romance|War,1960.0
902,474,2745,5.0,"Mission, The",Drama,1986.0
903,474,2750,3.5,Radio Days,Comedy|Drama,1987.0
904,474,2761,4.0,"Iron Giant, The",Adventure|Animation|Children|Drama|Sci-Fi,1999.0
905,477,2761,4.0,"Iron Giant, The",Adventure|Animation|Children|Drama|Sci-Fi,1999.0
906,474,2787,2.0,Cat's Eye,Horror,1985.0
907,474,2791,4.0,Airplane!,Comedy,1980.0
908,474,2797,4.0,Big,Comedy|Drama|Fantasy|Romance,1988.0
909,474,2801,4.5,Oscar and Lucinda,Drama|Romance,1997.0
910,474,2803,2.5,"Pelican Brief, The",Crime|Drama|Mystery|Romance|Thriller,1993.0
911,474,2804,4.0,"Christmas Story, A",Children|Comedy,1983.0
912,474,2827,2.0,"Astronaut's Wife, The",Horror|Sci-Fi|Thriller,1999.0
913,474,2863,4.0,"Hard Day's Night, A",Adventure|Comedy|Musical,1964.0
914,474,2871,4.0,Deliverance,Adventure|Drama|Thriller,1972.0
915,474,2872,4.0,Excalibur,Adventure|Fantasy,1981.0
916,474,2915,2.0,Risky Business,Comedy,1983.0
917,474,2918,4.0,Ferris Bueller's Day Off,Comedy,1986.0
918,474,2919,4.0,"Year of Living Dangerously, The",Drama|Romance|War,1982.0
919,474,2927,4.0,Brief Encounter,Drama|Romance,1946.0
920,474,2935,4.0,"Lady Eve, The",Comedy|Romance,1941.0
921,474,2937,4.5,"Palm Beach Story, The",Comedy,1942.0
922,474,2940,4.0,Gilda,Drama|Film-Noir|Mystery|Romance,1946.0
923,474,2941,4.0,South Pacific,Musical|Romance|War,1958.0
924,474,2943,3.5,Indochine,Drama|Romance,1992.0
925,474,2952,4.0,Sydney,Crime|Drama|Thriller,1996.0
926,474,2966,4.0,"Straight Story, The",Adventure|Drama,1999.0
927,474,2967,4.0,"Bad Seed, The",Drama|Thriller,1956.0
928,474,2968,4.0,Time Bandits,Adventure|Comedy|Fantasy|Sci-Fi,1981.0
929,474,2987,4.0,Who Framed Roger Rabbit?,Adventure|Animation|Children|Comedy|Crime|Fantasy|Mystery,1988.0
930,474,3000,4.0,Princess Mononoke,Action|Adventure|Animation|Drama|Fantasy,1997.0
931,477,3000,5.0,Princess Mononoke,Action|Adventure|Animation|Drama|Fantasy,1997.0
932,474,3006,4.0,"Insider, The",Drama|Thriller,1999.0
933,474,3011,4.0,"They Shoot Horses, Don't They?",Drama,1969.0
934,474,3028,2.0,"Taming of the Shrew, The",Comedy,1967.0
935,474,3030,4.0,Yojimbo,Action|Adventure,1961.0
936,474,3039,4.0,Trading Places,Comedy,1983.0
937,520,3039,5.0,Trading Places,Comedy,1983.0
938,474,3040,1.0,Meatballs,Comedy,1979.0
939,474,3044,5.0,Dead Again,Mystery|Romance|Thriller,1991.0
940,474,3071,2.5,Stand and Deliver,Comedy|Drama,1988.0
941,474,3072,5.0,Moonstruck,Comedy|Romance,1987.0
942,474,3081,2.0,Sleepy Hollow,Fantasy|Horror|Mystery|Romance,1999.0
943,474,3087,1.5,Scrooged,Comedy|Fantasy|Romance,1988.0
944,474,3095,4.5,"Grapes of Wrath, The",Drama,1940.0
945,474,3097,4.0,"Shop Around the Corner, The",Comedy|Drama|Romance,1940.0
946,474,3098,3.5,"Natural, The",Drama,1984.0
947,474,3101,4.0,Fatal Attraction,Drama|Thriller,1987.0
948,474,3108,2.5,"Fisher King, The",Comedy|Drama|Fantasy|Romance,1991.0
949,474,3111,4.0,Places in the Heart,Drama,1984.0
950,474,3115,4.0,Flawless,Drama,1999.0
951,474,3125,4.0,"End of the Affair, The",Drama,1999.0
952,474,3135,4.0,"Great Santini, The",Drama,1979.0
953,474,3147,4.0,"Green Mile, The",Crime|Drama,1999.0
954,474,3152,4.0,"Last Picture Show, The",Drama,1971.0
955,474,3160,5.0,Magnolia,Drama,1999.0
956,474,3174,4.0,Man on the Moon,Comedy|Drama,1999.0
957,474,3175,4.0,Galaxy Quest,Adventure|Comedy|Sci-Fi,1999.0
958,474,3178,2.0,"Hurricane, The",Drama,1999.0
959,474,3181,4.5,Titus,Drama,1999.0
960,474,3210,2.0,Fast Times at Ridgemont High,Comedy|Drama|Romance,1982.0
961,474,3211,4.0,"Cry in the Dark, A",Drama,1988.0
962,474,3247,2.0,Sister Act,Comedy|Crime,1992.0
963,474,3258,2.5,Death Becomes Her,Comedy|Fantasy,1992.0
964,474,3259,2.5,Far and Away,Adventure|Drama|Romance,1992.0
965,474,3260,4.5,Howards End,Drama,1992.0
966,474,3263,2.0,White Men Can't Jump,Comedy|Drama,1992.0
967,474,3270,2.5,"Cutting Edge, The",Comedy|Drama|Romance,1992.0
968,474,3273,4.0,Scream 3,Comedy|Horror|Mystery|Thriller,2000.0
969,474,3281,2.0,"Brandon Teena Story, The",Documentary,1998.0
970,474,3306,4.5,"Circus, The",Comedy,1928.0
971,474,3307,4.5,City Lights,Comedy|Drama|Romance,1931.0
972,474,3310,4.0,"Kid, The",Comedy|Drama,1921.0
973,474,3317,4.0,Wonder Boys,Comedy|Drama,2000.0
974,474,3330,4.0,Splendor in the Grass,Drama|Romance,1961.0
975,474,3341,4.0,Born Yesterday,Comedy,1950.0
976,474,3360,3.5,Hoosiers,Drama|Romance,1986.0
977,474,3384,4.0,"Taking of Pelham One Two Three, The",Action|Crime,1974.0
978,474,3385,2.0,Volunteers,Comedy,1985.0
979,474,3386,4.0,JFK,Drama|Mystery|Thriller,1991.0
980,474,3408,4.0,Erin Brockovich,Drama,2000.0
981,474,3420,2.5,...And Justice for All,Drama|Thriller,1979.0
982,474,3421,2.0,Animal House,Comedy,1978.0
983,474,3424,4.0,Do the Right Thing,Drama,1989.0
984,567,3424,4.0,Do the Right Thing,Drama,1989.0
985,474,3429,3.5,Creature Comforts,Animation|Comedy,1989.0
986,474,3435,4.0,Double Indemnity,Crime|Drama|Film-Noir,1944.0
987,474,3447,4.0,"Good Earth, The",Drama,1937.0
988,474,3451,4.5,Guess Who's Coming to Dinner,Drama,1967.0
989,474,3461,4.0,Lord of the Flies,Adventure|Drama|Thriller,1963.0
990,474,3462,4.5,Modern Times,Comedy|Drama|Romance,1936.0
991,474,3468,3.5,"Hustler, The",Drama,1961.0
992,474,3469,2.5,Inherit the Wind,Drama,1960.0
993,474,3475,4.0,"Place in the Sun, A",Drama|Romance,1951.0
994,474,3489,4.0,Hook,Adventure|Comedy|Fantasy,1991.0
995,474,3498,4.0,Midnight Express,Drama,1978.0
996,474,3502,2.5,My Life,Drama,1993.0
997,474,3504,4.0,Network,Comedy|Drama,1976.0
998,474,3512,4.5,Return to Me,Drama|Romance,2000.0
999,474,3515,4.0,Me Myself I,Comedy|Romance,2000.0
1000,474,3526,4.0,Parenthood,Comedy|Drama,1989.0
1001,474,3528,2.0,"Prince of Tides, The",Drama|Romance,1991.0
1002,474,3536,4.5,Keeping the Faith,Comedy|Drama|Romance,2000.0
1003,474,3546,4.0,What Ever Happened to Baby Jane?,Drama|Horror|Thriller,1962.0
1004,474,3548,4.5,Auntie Mame,Comedy|Drama,1958.0
1005,474,3549,5.0,Guys and Dolls,Comedy|Musical|Romance,1955.0
1006,474,3552,2.0,Caddyshack,Comedy,1980.0
1007,474,3566,4.5,"Big Kahuna, The",Comedy|Drama,2000.0
1008,474,3608,4.0,Pee-wee's Big Adventure,Adventure|Comedy,1985.0
1009,474,3629,4.0,"Gold Rush, The",Adventure|Comedy|Romance,1925.0
1010,474,3675,4.5,White Christmas,Comedy|Musical|Romance,1954.0
1011,474,3683,3.5,Blood Simple,Crime|Drama|Film-Noir,1984.0
1012,474,3712,2.5,Soapdish,Comedy,1991.0
1013,474,3723,4.0,Hamlet,Drama,1990.0
1014,474,3724,3.5,Coming Home,Drama|War,1978.0
1015,474,3730,4.0,"Conversation, The",Drama|Mystery,1974.0
1016,474,3735,4.0,Serpico,Crime|Drama,1973.0
1017,474,3801,4.0,Anatomy of a Murder,Drama|Mystery,1959.0
1018,474,3811,4.0,Breaker Morant,Drama|War,1980.0
1019,474,3816,4.0,"Official Story, The",Drama,1985.0
1020,474,3844,2.5,Steel Magnolias,Drama,1989.0
1021,474,3849,4.0,The Spiral Staircase,Horror|Mystery|Thriller,1945.0
1022,474,3859,4.0,"Eyes of Tammy Faye, The",Documentary,2000.0
1023,474,3877,2.0,Supergirl,Action|Adventure|Fantasy,1984.0
1024,474,3910,4.0,Dancer in the Dark,Drama|Musical,2000.0
1025,474,3932,4.0,"Invisible Man, The",Horror|Sci-Fi,1933.0
1026,474,3949,4.0,Requiem for a Dream,Drama,2000.0
1027,474,3967,4.0,Billy Elliot,Drama,2000.0
1028,474,3983,4.5,You Can Count on Me,Drama|Romance,2000.0
1029,474,3988,1.0,How the Grinch Stole Christmas,Children|Comedy|Fantasy,2000.0
1030,474,3994,4.5,Unbreakable,Drama|Sci-Fi,2000.0
1031,477,3994,5.0,Unbreakable,Drama|Sci-Fi,2000.0
1032,567,3994,4.0,Unbreakable,Drama|Sci-Fi,2000.0
1033,474,3996,4.0,"Crouching Tiger, Hidden Dragon",Action|Drama|Romance,2000.0
1034,474,4007,4.0,Wall Street,Drama,1987.0
1035,474,4012,2.0,Punchline,Comedy|Drama,1988.0
1036,474,4019,4.0,Finding Forrester,Drama,2000.0
1037,474,4024,2.5,"House of Mirth, The",Romance,2000.0
1038,474,4025,2.0,Miss Congeniality,Comedy|Crime,2000.0
1039,474,4027,4.0,"O Brother, Where Art Thou?",Adventure|Comedy|Crime,2000.0
1040,474,4029,4.5,State and Main,Comedy|Drama,2000.0
1041,474,4046,4.0,Friendly Persuasion,Drama,1956.0
1042,474,4077,4.0,With a Friend Like Harry...,Drama|Thriller,2000.0
1043,474,4105,2.0,"Evil Dead, The",Fantasy|Horror|Thriller,1981.0
1044,474,4113,4.0,"Glass Menagerie, The",Drama,1987.0
1045,474,4138,1.0,My Demon Lover,Comedy|Horror,1987.0
1046,474,4160,4.5,"Widow of St. Pierre, The",Drama|Romance,2000.0
1047,474,4164,4.0,"Caveman's Valentine, The",Drama,2001.0
1048,474,4166,2.0,Series 7: The Contenders,Action|Drama,2001.0
1049,474,4171,4.0,Long Night's Journey Into Day,Documentary,2000.0
1050,474,4184,4.0,"Bishop's Wife, The",Comedy|Drama|Romance,1947.0
1051,474,4189,2.5,"Greatest Story Ever Told, The",Drama,1965.0
1052,474,4190,4.0,Elmer Gantry,Drama,1960.0
1053,474,4191,4.0,Alfie,Comedy|Drama|Romance,1966.0
1054,474,4204,1.0,Losin' It,Comedy,1983.0
1055,474,4210,3.5,Manhunter,Action|Crime|Drama|Horror|Thriller,1986.0
1056,474,4211,4.0,Reversal of Fortune,Drama,1990.0
1057,474,4214,2.0,Revenge of the Nerds,Comedy,1984.0
1058,474,4218,3.5,River's Edge,Crime|Drama,1986.0
1059,474,4221,2.0,Necessary Roughness,Comedy,1991.0
1060,474,4232,4.0,Spy Kids,Action|Adventure|Children|Comedy,2001.0
1061,474,4246,4.5,Bridget Jones's Diary,Comedy|Drama|Romance,2001.0
1062,474,4259,4.0,"Luzhin Defence, The",Drama|Romance,2000.0
1063,474,4263,4.0,Days of Wine and Roses,Drama,1962.0
1064,474,4292,4.0,Norma Rae,Drama,1979.0
1065,474,4296,2.0,Love Story,Drama|Romance,1970.0
1066,474,4306,4.5,Shrek,Adventure|Animation|Children|Comedy|Fantasy|Romance,2001.0
1067,474,4316,2.5,Ice Castles,Drama,1978.0
1068,474,4326,2.5,Mississippi Burning,Crime|Drama|Thriller,1988.0
1069,474,4333,4.0,Throw Momma from the Train,Comedy|Crime,1987.0
1070,474,4347,4.0,Divided We Fall,Comedy|Drama,2000.0
1071,474,4356,3.0,Gentlemen Prefer Blondes,Comedy|Musical|Romance,1953.0
1072,474,4359,4.0,"Seven Year Itch, The",Comedy,1955.0
1073,474,4361,4.0,Tootsie,Comedy|Romance,1982.0
1074,474,4380,4.0,"Princess and the Warrior, The",Drama|Romance,2000.0
1075,474,4396,1.0,"Cannonball Run, The",Action|Comedy,1981.0
1076,474,4447,4.0,Legally Blonde,Comedy|Romance,2001.0
1077,474,4448,4.0,"Score, The",Action|Drama,2001.0
1078,474,4465,4.0,"Accused, The",Drama,1988.0
1079,474,4476,2.0,Big Business,Comedy,1988.0
1080,474,4477,1.0,Big Top Pee-Wee,Adventure|Children|Comedy,1988.0
1081,474,4489,2.0,Coming to America,Comedy|Romance,1988.0
1082,474,4495,5.0,Crossing Delancey,Comedy|Romance,1988.0
1083,474,4526,1.5,My Stepmother Is an Alien,Comedy|Romance|Sci-Fi,1988.0
1084,474,4537,4.5,Running on Empty,Drama,1988.0
1085,474,4545,2.0,Short Circuit,Comedy|Sci-Fi,1986.0
1086,474,4546,4.0,"Vanishing, The",Drama|Thriller,1988.0
1087,474,4558,2.0,Twins,Comedy,1988.0
1088,474,4571,4.5,Bill & Ted's Excellent Adventure,Adventure|Comedy|Sci-Fi,1989.0
1089,474,4600,2.5,Gross Anatomy,Comedy|Drama,1989.0
1090,474,4621,2.0,Look Who's Talking,Comedy|Romance,1989.0
1091,474,4623,2.0,Major League,Comedy,1989.0
1092,474,4638,2.0,Jurassic Park III,Action|Adventure|Sci-Fi|Thriller,2001.0
1093,474,4639,2.5,America's Sweethearts,Comedy|Romance,2001.0
1094,474,4641,4.0,Ghost World,Comedy|Drama,2001.0
1095,474,4677,1.5,Turner & Hooch,Comedy|Crime,1989.0
1096,474,4678,4.0,UHF,Comedy,1989.0
1097,474,4787,4.0,Little Man Tate,Drama,1991.0
1098,474,4801,4.0,"Little Foxes, The",Drama,1941.0
1099,474,4808,2.0,"Vanishing, The",Mystery|Thriller,1993.0
1100,474,4809,4.0,Silkwood,Drama,1983.0
1101,474,4812,2.0,SpaceCamp,Adventure|Sci-Fi,1986.0
1102,474,4823,4.0,Serendipity,Comedy|Romance,2001.0
1103,474,4835,4.0,Coal Miner's Daughter,Drama,1980.0
1104,474,4857,4.0,Fiddler on the Roof,Drama|Musical,1971.0
1105,474,4874,2.5,K-PAX,Drama|Fantasy|Mystery|Sci-Fi,2001.0
1106,474,4881,4.0,"Man Who Wasn't There, The",Crime|Drama,2001.0
1107,474,4902,4.0,"Devil's Backbone, The",Drama|Fantasy|Horror|Thriller|War,2001.0
1108,474,4920,4.0,"Now, Voyager",Drama|Romance,1942.0
1109,474,4963,4.0,Ocean's Eleven,Crime|Thriller,2001.0
1110,474,4969,3.5,And Then There Were None,Crime|Mystery,1945.0
1111,474,4970,4.0,"Blue Angel, The",Drama,1930.0
1112,474,4973,5.0,Amelie,Comedy|Romance,2001.0
1113,474,4979,4.0,"Royal Tenenbaums, The",Comedy|Drama,2001.0
1114,474,4980,4.0,Bill & Ted's Bogus Journey,Adventure|Comedy|Fantasy|Sci-Fi,1991.0
1115,474,4993,5.0,"Lord of the Rings: The Fellowship of the Ring, The",Adventure|Fantasy,2001.0
1116,474,4998,3.5,"Defiant Ones, The",Adventure|Crime|Drama|Thriller,1958.0
1117,474,5008,4.0,Witness for the Prosecution,Drama|Mystery|Thriller,1957.0
1118,474,5012,4.0,Yentl,Drama|Musical|Romance,1983.0
1119,474,5015,4.0,Monster's Ball,Drama|Romance,2001.0
1120,474,5034,5.0,"Truly, Madly, Deeply",Drama|Romance,1991.0
1121,474,5064,4.0,The Count of Monte Cristo,Action|Adventure|Drama|Thriller,2002.0
1122,573,5064,4.0,The Count of Monte Cristo,Action|Adventure|Drama|Thriller,2002.0
1123,474,5114,4.0,"Bad and the Beautiful, The",Drama,1952.0
1124,474,5135,4.0,Monsoon Wedding,Comedy|Romance,2001.0
1125,474,5213,1.5,"Oh, God! Book II",Comedy,1980.0
1126,474,5224,4.0,Promises,Documentary,2001.0
1127,474,5238,3.5,Return of the Secaucus 7,Drama,1980.0
1128,474,5266,4.0,Panic Room,Thriller,2002.0
1129,474,5291,4.0,Rashomon,Crime|Drama|Mystery,1950.0
1130,474,5294,4.0,Frailty,Crime|Drama|Thriller,2001.0
1131,474,5316,2.5,Enigma,Romance|Thriller,2001.0
1132,474,5349,4.5,Spider-Man,Action|Adventure|Sci-Fi|Thriller,2002.0
1133,474,5353,3.0,Butterflies Are Free,Comedy|Drama,1972.0
1134,474,5377,5.0,About a Boy,Comedy|Drama|Romance,2002.0
1135,474,5379,4.5,"Believer, The",Drama,2001.0
1136,474,5398,4.0,Requiem for a Heavyweight,Drama,1962.0
1137,474,5404,4.0,84 Charing Cross Road,Drama|Romance,1987.0
1138,474,5445,4.5,Minority Report,Action|Crime|Mystery|Sci-Fi|Thriller,2002.0
1139,474,5446,4.5,Rabbit-Proof Fence,Adventure|Drama,2002.0
1140,474,5450,4.0,Lovely & Amazing,Comedy|Drama|Romance,2001.0
1141,474,5451,2.5,Pumpkin,Comedy|Drama|Romance,2002.0
1142,474,5470,4.5,The Importance of Being Earnest,Comedy|Romance,1952.0
1143,474,5475,3.5,Z,Drama|Mystery|Thriller,1969.0
1144,474,5483,4.5,"Kid Stays in the Picture, The",Documentary,2002.0
1145,474,5502,4.5,Signs,Horror|Sci-Fi|Thriller,2002.0
1146,474,5505,4.5,"Good Girl, The",Comedy|Drama,2002.0
1147,474,5527,4.0,Possession,Drama|Romance,2002.0
1148,474,5528,4.0,One Hour Photo,Drama|Thriller,2002.0
1149,474,5548,2.0,Down and Out in Beverly Hills,Comedy,1986.0
1150,474,5577,4.0,Igby Goes Down,Comedy|Drama,2002.0
1151,474,5601,4.0,"Yearling, The",Children|Drama,1946.0
1152,474,5603,4.0,"Lavender Hill Mob, The",Comedy|Crime,1951.0
1153,474,5618,4.5,Spirited Away,Adventure|Animation|Fantasy,2001.0
1154,474,5629,2.0,Jonah: A VeggieTales Movie,Animation|Children|Musical,2002.0
1155,474,5630,3.5,Red Dragon,Crime|Mystery|Thriller,2002.0
1156,474,5633,4.0,Heaven,Drama,2002.0
1157,474,5644,4.0,"Pride of the Yankees, The",Drama,1942.0
1158,474,5669,4.0,Bowling for Columbine,Documentary,2002.0
1159,474,5673,4.5,Punch-Drunk Love,Comedy|Drama|Romance,2002.0
1160,567,5673,3.5,Punch-Drunk Love,Comedy|Drama|Romance,2002.0
1161,474,5682,4.0,"Grey Zone, The",Drama,2001.0
1162,474,5685,4.5,Real Women Have Curves,Comedy|Drama,2002.0
1163,474,5690,4.5,Grave of the Fireflies,Animation|Drama|War,1988.0
1164,567,5690,4.0,Grave of the Fireflies,Animation|Drama|War,1988.0
1165,474,5747,4.5,Gallipoli,Drama|War,1981.0
1166,474,5791,4.0,Frida,Drama|Romance,2002.0
1167,474,5792,2.5,Roger Dodger,Comedy|Drama,2002.0
1168,474,5802,4.0,"World of Henry Orient, The",Comedy,1964.0
1169,474,5812,4.5,Far from Heaven,Drama|Romance,2002.0
1170,474,5816,4.5,Harry Potter and the Chamber of Secrets,Adventure|Fantasy,2002.0
1171,474,5820,4.0,Standing in the Shadows of Motown,Documentary|Musical,2002.0
1172,474,5875,2.5,Personal Velocity,Drama,2002.0
1173,474,5876,4.0,"Quiet American, The",Drama|Thriller|War,2002.0
1174,474,5878,4.0,Talk to Her,Drama|Romance,2002.0
1175,474,5899,3.0,Zulu,Action|Drama|War,1964.0
1176,474,5954,4.0,25th Hour,Crime|Drama,2002.0
1177,474,5971,4.0,My Neighbor Totoro,Animation|Children|Drama|Fantasy,1988.0
1178,474,5989,4.0,Catch Me If You Can,Crime|Drama,2002.0
1179,537,5989,5.0,Catch Me If You Can,Crime|Drama,2002.0
1180,474,5991,4.0,Chicago,Comedy|Crime|Drama|Musical,2002.0
1181,474,5994,4.0,Nicholas Nickleby,Drama|Romance,2002.0
1182,474,6002,3.5,Love Liza,Drama,2002.0
1183,474,6003,3.5,Confessions of a Dangerous Mind,Comedy|Crime|Drama|Thriller,2002.0
1184,474,6016,4.0,City of God,Action|Adventure|Crime|Drama|Thriller,2002.0
1185,474,6020,3.5,Alice Adams,Comedy|Drama,1935.0
1186,474,6031,4.0,Imitation of Life,Drama|Romance,1959.0
1187,474,6041,4.0,Amen.,Drama,2002.0
1188,474,6063,2.5,May,Drama|Horror,2002.0
1189,474,6090,3.5,Kiss Me Goodbye,Comedy,1982.0
1190,474,6101,4.0,Missing,Drama|Mystery|Thriller,1982.0
1191,474,6104,4.0,Monty Python Live at the Hollywood Bowl,Comedy,1982.0
1192,474,6156,3.5,Shanghai Knights,Action|Adventure|Comedy,2003.0
1193,474,6159,3.5,All the Real Girls,Drama|Romance,2003.0
1194,474,6163,4.5,He Loves Me... He Loves Me Not,Romance|Thriller,2002.0
1195,474,6170,3.5,"Black Stallion, The",Adventure|Children|Drama,1979.0
1196,474,6178,4.0,"Patch of Blue, A",Drama|Romance,1965.0
1197,474,6181,4.0,"Red Badge of Courage, The",Drama|War,1951.0
1198,474,6183,4.0,Pillow Talk,Comedy|Musical|Romance,1959.0
1199,474,6195,4.0,Stone Reader,Documentary,2002.0
1200,474,6197,3.5,Spider,Drama|Mystery,2002.0
1201,474,6201,5.0,Lady Jane,Drama|Romance,1986.0
1202,474,6216,3.5,Nowhere in Africa,Drama,2001.0
1203,474,6218,4.0,Bend It Like Beckham,Comedy|Drama|Romance,2002.0
1204,474,6228,4.0,"Talk of the Town, The",Comedy|Romance|Thriller,1942.0
1205,474,6232,4.0,Born Free,Adventure|Children|Drama,1966.0
1206,474,6235,3.5,Europa Europa,Drama|War,1990.0
1207,474,6238,3.5,Green Card,Comedy|Drama|Romance,1990.0
1208,474,6242,3.5,Ringu,Horror|Mystery|Thriller,1998.0
1209,474,6244,3.0,Salaam Bombay!,Drama,1988.0
1210,474,6245,3.5,Sweet Charity,Comedy|Drama|Musical|Romance,1969.0
1211,474,6254,4.5,"Awful Truth, The",Comedy|Romance,1937.0
1212,474,6268,3.5,Raising Victor Vargas,Comedy|Drama|Romance,2002.0
1213,474,6269,4.5,Stevie,Documentary,2002.0
1214,474,6273,3.5,In a Lonely Place,Drama|Film-Noir|Mystery|Romance,1950.0
1215,474,6281,3.5,Phone Booth,Drama|Thriller,2002.0
1216,474,6286,4.0,"Man Without a Past, The",Comedy|Crime|Drama,2002.0
1217,474,6288,3.5,Better Luck Tomorrow,Crime|Drama,2002.0
1218,474,6289,3.5,Ghosts of the Abyss,Documentary|IMAX,2003.0
1219,474,6291,4.0,Lilya 4-Ever,Crime|Drama,2002.0
1220,567,6291,3.0,Lilya 4-Ever,Crime|Drama,2002.0
1221,474,6296,4.0,"Mighty Wind, A",Comedy|Musical,2003.0
1222,474,6297,3.5,Holes,Adventure|Children|Comedy|Mystery,2003.0
1223,474,6299,3.5,Winged Migration,Documentary,2001.0
1224,474,6305,4.5,Fahrenheit 451,Drama|Sci-Fi,1966.0
1225,474,6308,2.0,Legal Eagles,Comedy|Crime|Romance,1986.0
1226,474,6327,3.5,"Decade Under the Influence, A",Documentary,2003.0
1227,474,6331,4.0,Spellbound,Documentary,2002.0
1228,474,6333,5.0,X2: X-Men United,Action|Adventure|Sci-Fi|Thriller,2003.0
1229,474,6334,4.0,Blue Car,Drama,2002.0
1230,474,6337,3.5,Owning Mahowny,Crime|Drama|Thriller,2003.0
1231,474,6339,3.5,Man on the Train,Comedy|Drama,2002.0
1232,474,6341,3.5,"Shape of Things, The",Drama,2003.0
1233,474,6350,4.0,Laputa: Castle in the Sky,Action|Adventure|Animation|Children|Fantasy|Sci-Fi,1986.0
1234,474,6368,3.5,Cinemania,Documentary,2002.0
1235,474,6373,2.5,Bruce Almighty,Comedy|Drama|Fantasy|Romance,2003.0
1236,573,6373,4.5,Bruce Almighty,Comedy|Drama|Fantasy|Romance,2003.0
1237,474,6377,4.0,Finding Nemo,Adventure|Animation|Children|Comedy,2003.0
1238,567,6377,3.0,Finding Nemo,Adventure|Animation|Children|Comedy,2003.0
1239,474,6378,3.5,"Italian Job, The",Action|Crime,2003.0
1240,474,6380,4.5,Capturing the Friedmans,Documentary,2003.0
1241,474,6385,5.0,Whale Rider,Drama,2002.0
1242,474,6390,3.5,Silk Stockings,Musical,1957.0
1243,474,6400,3.5,Murder on a Sunday Morning,Documentary,2001.0
1244,474,6407,2.0,"Walk, Don't Run",Comedy|Romance,1966.0
1245,474,6422,4.0,Shenandoah,Drama|War|Western,1965.0
1246,474,6440,3.5,Barton Fink,Drama|Thriller,1991.0
1247,474,6454,3.5,Music Box,Drama,1989.0
1248,474,6466,4.5,Mississippi Masala,Drama|Romance,1991.0
1249,474,6515,4.5,You Only Live Once,Crime|Film-Noir,1937.0
1250,474,6535,2.0,"Legally Blonde 2: Red, White & Blonde",Comedy,2003.0
1251,474,6536,3.5,Sinbad: Legend of the Seven Seas,Adventure|Animation|Children|Fantasy,2003.0
1252,474,6539,3.5,Pirates of the Caribbean: The Curse of the Black Pearl,Action|Adventure|Comedy|Fantasy,2003.0
1253,474,6545,4.5,I Capture the Castle,Drama|Romance,2003.0
1254,474,6547,2.5,Northfork,Drama|Fantasy,2003.0
1255,474,6552,4.0,Dirty Pretty Things,Crime|Drama|Thriller,2002.0
1256,474,6565,3.5,Seabiscuit,Drama,2003.0
1257,474,6579,3.5,"One, Two, Three",Comedy,1961.0
1258,474,6591,4.0,"Magdalene Sisters, The",Drama,2002.0
1259,474,6592,4.0,"Secret Lives of Dentists, The",Drama,2002.0
1260,474,6603,2.5,"Double Life, A",Crime|Drama|Film-Noir,1947.0
1261,474,6609,3.5,"Gospel According to St. Matthew, The",Drama,1964.0
1262,474,6620,4.5,American Splendor,Comedy|Drama,2003.0
1263,474,6636,3.5,"Sure Thing, The",Comedy|Romance,1985.0
1264,474,6639,3.5,Wait Until Dark,Drama|Thriller,1967.0
1265,474,6650,4.0,Kind Hearts and Coronets,Comedy|Drama,1949.0
1266,474,6660,3.5,"Red Shoes, The",Drama|Fantasy|Musical|Romance,1948.0
1267,474,6662,2.5,"Pink Panther, The",Comedy|Crime,1963.0
1268,474,6667,3.5,Waco: The Rules of Engagement,Documentary,1997.0
1269,474,6669,4.0,Ikiru,Drama,1952.0
1270,567,6669,3.5,Ikiru,Drama,1952.0
1271,474,6708,3.5,Matchstick Men,Comedy|Crime|Drama,2003.0
1272,474,6710,3.5,Dummy,Comedy|Drama|Romance,2002.0
1273,474,6713,3.5,Millennium Actress,Animation|Drama|Romance,2001.0
1274,474,6724,3.5,Paper Moon,Comedy|Crime|Drama,1973.0
1275,474,6732,2.5,"Hello, Dolly!",Comedy|Musical|Romance,1969.0
1276,474,6744,2.5,Once Bitten,Comedy|Horror,1985.0
1277,474,6753,3.5,Secondhand Lions,Children|Comedy|Drama,2003.0
1278,474,6768,4.0,Luther,Drama,2003.0
1279,474,6770,3.5,My Life Without Me,Drama|Romance,2003.0
1280,474,6773,3.5,"Triplets of Belleville, The",Animation|Comedy|Fantasy,2003.0
1281,474,6776,4.5,Lagaan: Once Upon a Time in India,Comedy|Drama|Musical|Romance,2001.0
1282,474,6785,4.5,Seven Brides for Seven Brothers,Comedy|Musical|Romance|Western,1954.0
1283,474,6787,4.0,All the President's Men,Drama|Thriller,1976.0
1284,513,6787,4.5,All the President's Men,Drama|Thriller,1976.0
1285,474,6788,2.0,Angie,Comedy|Drama|Romance,1994.0
1286,474,6791,5.0,Babette's Feast,Drama,1987.0
1287,474,6807,3.5,Monty Python's The Meaning of Life,Comedy,1983.0
1288,474,6810,3.5,Sleeping with the Enemy,Drama|Thriller,1991.0
1289,474,6820,4.0,Ginger Snaps,Drama|Horror|Thriller,2000.0
1290,474,6832,3.5,Regarding Henry,Drama,1991.0
1291,474,6852,3.5,In Cold Blood,Crime|Drama,1967.0
1292,474,6856,4.0,Yankee Doodle Dandy,Drama|Musical,1942.0
1293,474,6863,3.5,School of Rock,Comedy|Musical,2003.0
1294,474,6867,4.0,"Station Agent, The",Comedy|Drama,2003.0
1295,474,6870,3.5,Mystic River,Crime|Drama|Mystery,2003.0
1296,474,6874,4.0,Kill Bill: Vol. 1,Action|Crime|Thriller,2003.0
1297,474,6881,4.5,Pieces of April,Comedy|Drama,2003.0
1298,474,6890,4.0,Elephant,Drama,2003.0
1299,474,6909,4.0,"Eye, The",Thriller,2002.0
1300,474,6912,3.5,You'll Never Get Rich,Comedy|Musical|Romance,1941.0
1301,474,6918,4.0,"Unvanquished, The",Drama,1957.0
1302,474,6932,4.5,Shattered Glass,Crime|Drama,2003.0
1303,474,6936,4.0,Elf,Children|Comedy|Fantasy,2003.0
1304,474,6944,2.0,Father of the Bride,Comedy,1991.0
1305,474,6948,4.0,Tupac: Resurrection,Documentary,2003.0
1306,474,6963,4.5,Devil's Playground,Documentary,2002.0
1307,474,6970,3.5,Desk Set,Comedy|Romance,1957.0
1308,474,6979,4.0,WarGames,Drama|Sci-Fi|Thriller,1983.0
1309,474,6981,4.0,Ordet,Drama,1955.0
1310,474,6984,4.0,"Tale of Two Cities, A",Drama,1935.0
1311,474,6985,4.5,"Passion of Joan of Arc, The",Drama,1928.0
1312,474,6993,4.0,Hannah and Her Sisters,Comedy|Drama|Romance,1986.0
1313,474,7013,4.5,"Night of the Hunter, The",Drama|Film-Noir|Thriller,1955.0
1314,474,7018,2.5,Presumed Innocent,Crime|Drama|Thriller,1990.0
1315,474,7049,3.0,Flying Down to Rio,Comedy|Musical|Romance,1933.0
1316,474,7050,3.5,Follow the Fleet,Comedy|Musical|Romance,1936.0
1317,474,7053,4.0,Roberta,Comedy|Musical|Romance,1935.0
1318,474,7055,4.0,Swing Time,Comedy|Musical|Romance,1936.0
1319,474,7059,4.0,National Velvet,Children|Drama,1944.0
1320,474,7061,4.0,Dark Victory,Drama|Romance,1939.0
1321,474,7062,4.0,Birdman of Alcatraz,Drama,1962.0
1322,474,7069,3.5,Macbeth,Drama,1971.0
1323,474,7070,4.0,Red River,Action|Adventure|Western,1948.0
1324,474,7073,2.5,"Shot in the Dark, A",Comedy|Crime|Mystery,1964.0
1325,474,7079,2.5,"Hunchback of Notre Dame, The",Drama,1939.0
1326,474,7086,3.5,Pygmalion,Comedy|Drama,1938.0
1327,474,7087,4.0,"Passage to India, A",Adventure|Drama,1984.0
1328,474,7090,4.0,Hero,Action|Adventure|Drama,2002.0
1329,474,7121,5.0,Adam's Rib,Comedy|Romance,1949.0
1330,474,7132,3.5,"Night at the Opera, A",Comedy|Musical|Romance,1935.0
1331,474,7139,4.0,In America,Drama|Romance,2002.0
1332,474,7141,4.0,My Flesh and Blood,Documentary,2003.0
1333,474,7156,4.0,"Fog of War: Eleven Lessons from the Life of Robert S. McNamara, The",Documentary|War,2003.0
1334,474,7158,4.5,House of Sand and Fog,Drama,2003.0
1335,474,7160,4.0,Monster,Crime|Drama,2003.0
1336,474,7162,4.0,Cold Mountain,Drama|Romance|War,2003.0
1337,474,7190,3.5,Jane Eyre,Drama,1970.0
1338,474,7212,4.0,I Was a Male War Bride,Comedy|Romance,1949.0
1339,474,7217,4.0,Dark Passage,Crime|Drama|Film-Noir|Romance|Thriller,1947.0
1340,474,7219,4.0,They Drive by Night,Drama,1940.0
1341,474,7234,4.5,"Strada, La",Drama,1954.0
1342,474,7256,4.0,Touching the Void,Adventure|Documentary,2003.0
1343,474,7285,4.0,Thirteen,Drama,2003.0
1344,474,7301,3.5,Diary of a Country Priest,Drama,1951.0
1345,474,7318,4.0,"Passion of the Christ, The",Drama,2004.0
1346,474,7323,4.0,"Good bye, Lenin!",Comedy|Drama,2003.0
1347,474,7361,4.5,Eternal Sunshine of the Spotless Mind,Drama|Romance|Sci-Fi,2004.0
1348,477,7361,4.0,Eternal Sunshine of the Spotless Mind,Drama|Romance|Sci-Fi,2004.0
1349,567,7361,5.0,Eternal Sunshine of the Spotless Mind,Drama|Romance|Sci-Fi,2004.0
1350,474,7371,4.5,Dogville,Drama|Mystery|Thriller,2003.0
1351,474,7382,4.0,I'm Not Scared,Drama|Mystery|Thriller,2003.0
1352,606,7382,4.5,I'm Not Scared,Drama|Mystery|Thriller,2003.0
1353,474,7438,4.5,Kill Bill: Vol. 2,Action|Drama|Thriller,2004.0
1354,474,7440,4.0,Paper Clips,Documentary,2004.0
1355,474,7479,4.0,Watch on the Rhine,Drama,1943.0
1356,474,7493,4.0,"Three Faces of Eve, The",Drama,1957.0
1357,474,7572,4.5,Wit,Drama,2001.0
1358,474,7584,4.0,Woman of the Year,Comedy|Romance,1942.0
1359,474,7614,4.0,Oklahoma!,Musical|Romance|Western,1955.0
1360,474,7618,3.5,Chaplin,Drama,1992.0
1361,474,7619,4.0,"Miracle Worker, The",Drama,1962.0
1362,474,7646,2.0,Rose Red,Horror|Mystery|Thriller,2002.0
1363,474,7649,4.0,Babylon 5: In the Beginning,Adventure|Sci-Fi,1998.0
1364,474,7700,4.0,"Wages of Fear, The",Action|Adventure|Drama|Thriller,1953.0
1365,474,7705,4.0,Pat and Mike,Comedy|Romance,1952.0
1366,474,7713,4.0,Cat People,Drama|Horror|Romance|Thriller,1942.0
1367,474,7714,4.0,Camelot,Drama|Musical|Romance,1967.0
1368,474,7728,4.0,"Postman Always Rings Twice, The",Crime|Drama|Film-Noir|Thriller,1946.0
1369,474,7766,4.0,Throne of Blood,Action|Drama|Thriller|War,1957.0
1370,474,7789,4.0,"11'09""01 - September 11",Drama,2002.0
1371,474,7831,3.5,Another Thin Man,Comedy|Crime|Drama|Mystery|Romance,1939.0
1372,474,7832,3.5,"Thin Man Goes Home, The",Comedy|Crime|Mystery,1945.0
1373,474,7833,3.5,Shadow of the Thin Man,Comedy|Crime|Mystery,1941.0
1374,474,7834,4.0,After the Thin Man,Comedy|Crime|Mystery|Romance,1936.0
1375,474,7835,3.5,Song of the Thin Man,Comedy|Crime|Drama|Musical|Mystery|Romance,1947.0
1376,474,7932,4.0,Dark Days,Documentary,2000.0
1377,474,7934,4.0,Zelig,Comedy,1983.0
1378,474,7981,4.0,Infernal Affairs,Crime|Drama|Thriller,2002.0
1379,474,7983,4.0,Broadway Danny Rose,Comedy,1984.0
1380,474,8011,4.0,"Weather Underground, The",Documentary,2002.0
1381,474,8019,4.0,Dark Water,Drama|Horror|Mystery|Thriller,2002.0
1382,474,8094,3.5,Bad Day at Black Rock,Drama|Thriller|Western,1955.0
1383,474,8153,2.5,Lust for Life,Drama,1956.0
1384,474,8167,4.0,Captain Blood,Action|Adventure|Romance,1935.0
1385,474,8191,4.0,Anne of the Thousand Days,Drama,1969.0
1386,474,8207,4.0,"Day of the Jackal, The",Crime|Thriller,1973.0
1387,474,8228,4.0,"Maltese Falcon, The",Mystery,1931.0
1388,474,8235,5.0,Safety Last!,Action|Comedy|Romance,1923.0
1389,474,8266,2.5,Purple Rain,Drama|Musical,1984.0
1390,474,8275,3.5,College,Comedy,1927.0
1391,474,8337,4.0,"Caine Mutiny, The",Drama|War,1954.0
1392,474,8338,4.0,Black Narcissus,Drama,1947.0
1393,474,8341,3.5,Oliver Twist,Adventure|Crime|Drama,1948.0
1394,474,8360,4.0,Shrek 2,Adventure|Animation|Children|Comedy|Musical|Romance,2004.0
1395,474,8366,4.0,Saved!,Comedy|Drama,2004.0
1396,474,8368,5.0,Harry Potter and the Prisoner of Azkaban,Adventure|Fantasy|IMAX,2004.0
1397,474,8375,2.5,"Hunting of the President, The",Documentary,2004.0
1398,474,8376,4.0,Napoleon Dynamite,Comedy,2004.0
1399,474,8382,2.5,Hello Again,Comedy,1987.0
1400,474,8424,4.0,"Divorcee, The",Drama|Romance,1930.0
1401,474,8446,2.5,Sands of Iwo Jima,Action|Drama|Romance|War,1949.0
1402,474,8463,4.0,Johnny Belinda,Drama,1948.0
1403,474,8464,4.0,Super Size Me,Comedy|Documentary|Drama,2004.0
1404,474,8507,4.0,Freaks,Crime|Drama|Horror,1932.0
1405,474,8530,4.0,Dear Frankie,Drama|Romance,2004.0
1406,474,8607,4.0,Tokyo Godfathers,Adventure|Animation|Drama,2003.0
1407,474,8609,3.5,Our Hospitality,Comedy,1923.0
1408,474,8622,4.0,Fahrenheit 9/11,Documentary,2004.0
1409,474,8636,5.0,Spider-Man 2,Action|Adventure|Sci-Fi|IMAX,2004.0
1410,474,8638,4.0,Before Sunset,Drama|Romance,2004.0
1411,474,8645,4.0,Maria Full of Grace,Crime|Drama,2004.0
1412,474,8695,2.5,"Bachelor and the Bobby-Soxer, The",Comedy,1947.0
1413,474,8714,2.5,Night and Day,Drama|Musical,1946.0
1414,474,8754,4.0,"Prime of Miss Jean Brodie, The",Drama,1969.0
1415,474,8784,4.0,Garden State,Comedy|Drama|Romance,2004.0
1416,474,8796,2.5,"Funny Thing Happened on the Way to the Forum, A",Comedy|Musical,1966.0
1417,474,8809,4.0,Danny Deckchair,Comedy|Romance,2003.0
1418,474,8827,4.0,"Bill Cosby, Himself",Comedy|Documentary,1983.0
1419,474,8874,4.0,Shaun of the Dead,Comedy|Horror,2004.0
1420,474,8875,4.0,"Come Back, Little Sheba",Drama,1952.0
1421,474,8879,3.0,Murder on the Orient Express,Crime|Mystery|Thriller,1974.0
1422,474,8880,4.0,Mask,Drama,1985.0
1423,474,8914,4.0,Primer,Drama|Sci-Fi,2004.0
1424,474,8920,3.5,"Country Girl, The",Drama,1954.0
1425,474,8938,4.0,Tarnation,Documentary,2003.0
1426,474,8943,2.5,Being Julia,Comedy|Drama,2004.0
1427,474,8949,4.0,Sideways,Comedy|Drama|Romance,2004.0
1428,474,8951,4.0,Vera Drake,Drama,2004.0
1429,474,8958,4.0,Ray,Drama,2004.0
1430,474,8961,4.0,"Incredibles, The",Action|Adventure|Animation|Children|Comedy,2004.0
1431,477,8961,4.0,"Incredibles, The",Action|Adventure|Animation|Children|Comedy,2004.0
1432,474,8970,4.0,Finding Neverland,Drama,2004.0
1433,474,8979,4.0,Guerrilla: The Taking of Patty Hearst,Documentary,2004.0
1434,474,8983,4.0,House of Flying Daggers,Action|Drama|Romance,2004.0
1435,474,9018,4.0,Control Room,Documentary|War,2004.0
1436,474,25753,4.0,Greed,Drama,1924.0
1437,474,25825,4.5,Fury,Drama|Film-Noir,1936.0
1438,474,25841,4.0,Stage Door,Drama,1937.0
1439,474,25865,4.0,"Letter, The",Drama|Film-Noir,1940.0
1440,474,25886,4.5,Random Harvest,Drama|Romance,1942.0
1441,474,25940,3.5,"Lady from Shanghai, The",Drama|Film-Noir|Mystery,1947.0
1442,474,25952,4.0,"Letter to Three Wives, A",Comedy|Drama,1949.0
1443,474,26151,3.5,Au Hasard Balthazar,Crime|Drama,1966.0
1444,474,26662,4.0,Kiki's Delivery Service,Adventure|Animation|Children|Drama|Fantasy,1989.0
1445,474,26776,3.5,Porco Rosso,Adventure|Animation|Comedy|Fantasy|Romance,1992.0
1446,474,27731,4.0,"Cat Returns, The",Adventure|Animation|Children|Fantasy,2002.0
1447,474,27741,3.5,"Twilight Samurai, The",Drama|Romance,2002.0
1448,474,27790,4.0,Millions,Children|Comedy|Crime|Drama|Fantasy,2004.0
1449,474,27820,4.0,"Story of the Weeping Camel, The",Documentary|Drama,2003.0
1450,474,27834,4.0,"Return, The",Drama,2003.0
1451,474,27838,4.5,Mean Creek,Drama|Thriller,2004.0
1452,474,27878,4.0,Born into Brothels,Documentary,2004.0
1453,474,27882,4.0,Riding Giants,Documentary,2004.0
1454,474,30707,4.0,Million Dollar Baby,Drama,2004.0
1455,474,30749,4.5,Hotel Rwanda,Drama|War,2004.0
1456,474,30793,4.0,Charlie and the Chocolate Factory,Adventure|Children|Comedy|Fantasy|IMAX,2005.0
1457,474,30812,4.0,"Aviator, The",Drama,2004.0
1458,474,30820,4.5,"Woodsman, The",Drama,2004.0
1459,474,30822,4.5,In Good Company,Comedy|Drama,2004.0
1460,474,30850,4.5,"Merchant of Venice, The",Drama,2004.0
1461,474,31030,4.0,I Remember Mama,Children|Drama,1948.0
1462,474,31437,4.0,Nobody Knows,Drama,2004.0
1463,474,31903,4.0,Zelary,Drama|Romance,2003.0
1464,474,32582,4.5,"Wild Parrots of Telegraph Hill, The",Documentary,2003.0
1465,474,32584,4.0,"Ballad of Jack and Rose, The",Drama,2005.0
1466,474,33154,3.5,Enron: The Smartest Guys in the Room,Documentary,2005.0
1467,474,33166,4.0,Crash,Crime|Drama,2004.0
1468,474,33493,4.5,Star Wars: Episode III - Revenge of the Sith,Action|Adventure|Sci-Fi,2005.0
1469,474,34271,3.5,Hustle & Flow,Crime|Drama,2005.0
1470,474,34359,4.0,Georgy Girl,Comedy,1966.0
1471,474,34437,4.0,Broken Flowers,Comedy|Drama,2005.0
1472,474,34528,4.0,Junebug,Comedy|Drama,2005.0
1473,474,34542,4.0,Grizzly Man,Documentary,2005.0
1474,474,35015,3.5,Duma,Adventure|Drama,2005.0
1475,474,36517,4.0,"Constant Gardener, The",Drama|Thriller,2005.0
1476,474,36527,3.5,Proof,Drama,2005.0
1477,474,36535,3.5,Everything Is Illuminated,Comedy|Drama,2005.0
1478,474,37733,4.0,"History of Violence, A",Action|Crime|Drama|Thriller,2005.0
1479,474,37736,3.5,Oliver Twist,Drama,2005.0
1480,474,37741,4.5,Capote,Crime|Drama,2005.0
1481,474,38038,4.5,Wallace & Gromit in The Curse of the Were-Rabbit,Adventure|Animation|Children|Comedy,2005.0
1482,474,38886,4.0,"Squid and the Whale, The",Comedy|Drama,2005.0
1483,474,39234,4.0,North Country,Drama,2005.0
1484,474,39292,4.0,"Good Night, and Good Luck.",Crime|Drama,2005.0
1485,474,40583,3.5,Syriana,Drama|Thriller,2005.0
1486,474,40629,3.5,Pride & Prejudice,Drama|Romance,2005.0
1487,474,40815,5.0,Harry Potter and the Goblet of Fire,Adventure|Fantasy|Thriller|IMAX,2005.0
1488,474,40819,4.0,Walk the Line,Drama|Musical|Romance,2005.0
1489,474,41566,4.5,"Chronicles of Narnia: The Lion, the Witch and the Wardrobe, The",Adventure|Children|Fantasy,2005.0
1490,474,41997,4.0,Munich,Action|Crime|Drama|Thriller,2005.0
1491,474,42002,4.0,"Producers, The",Comedy|Musical,2005.0
1492,474,42740,3.5,Looking for Comedy in the Muslim World,Comedy,2005.0
1493,477,1274,5.0,Akira,Action|Adventure|Animation|Sci-Fi,1988.0
1494,477,2393,3.5,Star Trek: Insurrection,Action|Drama|Romance|Sci-Fi,1998.0
1495,477,2694,4.0,Big Daddy,Comedy,1999.0
1496,477,3527,4.0,Predator,Action|Sci-Fi|Thriller,1987.0
1497,477,4454,5.0,More,Animation|Drama|Sci-Fi|IMAX,1998.0
1498,477,4725,4.0,Session 9,Horror|Thriller,2001.0
1499,477,5459,3.0,Men in Black II,Action|Comedy|Sci-Fi,2002.0
1500,477,7439,3.0,"Punisher, The",Action|Crime|Thriller,2004.0
1501,477,8783,4.5,"Village, The",Drama|Mystery|Thriller,2004.0
1502,477,41569,4.0,King Kong,Action|Adventure|Drama|Fantasy|Thriller,2005.0
1503,477,42422,4.5,Voices of a Distant Star,Animation|Drama|Romance|Sci-Fi,2003.0
1504,477,45499,3.5,X-Men: The Last Stand,Action|Sci-Fi|Thriller,2006.0
1505,477,45730,3.0,Lady in the Water,Drama|Fantasy|Mystery,2006.0
1506,477,47610,4.0,"Illusionist, The",Drama|Fantasy|Mystery|Romance,2006.0
1507,477,52885,4.5,Paprika,Animation|Mystery|Sci-Fi,2006.0
1508,477,53468,4.0,Fido,Comedy|Horror|Thriller,2006.0
1509,477,54503,5.0,Superbad,Comedy,2007.0
1510,477,55167,4.5,Tekkonkinkreet,Action|Adventure|Animation|Crime|Fantasy,2006.0
1511,477,56174,4.0,I Am Legend,Action|Horror|Sci-Fi|Thriller|IMAX,2007.0
1512,477,56367,4.0,Juno,Comedy|Drama|Romance,2007.0
1513,477,57669,5.0,In Bruges,Comedy|Crime|Drama|Thriller,2008.0
1514,477,59141,4.5,Son of Rambow,Children|Comedy|Drama,2007.0
1515,477,60069,5.0,WALL·E,Adventure|Animation|Children|Romance|Sci-Fi,2008.0
1516,477,62336,5.0,FLCL,Animation|Comedy|Fantasy|Sci-Fi,2000.0
1517,477,66934,5.0,Dr. Horrible's Sing-Along Blog,Comedy|Drama|Musical|Sci-Fi,2008.0
1518,477,67087,3.5,"I Love You, Man",Comedy,2009.0
1519,477,68237,4.5,Moon,Drama|Mystery|Sci-Fi|Thriller,2009.0
1520,477,68358,4.5,Star Trek,Action|Adventure|Sci-Fi|IMAX,2009.0
1521,477,68791,4.0,Terminator Salvation,Action|Adventure|Sci-Fi|Thriller,2009.0
1522,477,68945,3.5,Neon Genesis Evangelion: Death & Rebirth,Action|Animation|Mystery|Sci-Fi,1997.0
1523,477,69526,3.0,Transformers: Revenge of the Fallen,Action|Adventure|Sci-Fi|IMAX,2009.0
1524,477,69757,5.0,Days of Summer,Comedy|Drama|Romance,2009.0
1525,477,70286,4.5,District 9,Mystery|Sci-Fi|Thriller,2009.0
1526,477,72224,3.5,Gentlemen Broncos,Comedy,2009.0
1527,477,72998,4.0,Avatar,Action|Adventure|Sci-Fi|IMAX,2009.0
1528,537,72998,5.0,Avatar,Action|Adventure|Sci-Fi|IMAX,2009.0
1529,477,79702,5.0,Scott Pilgrim vs. the World,Action|Comedy|Fantasy|Musical|Romance,2010.0
1530,477,82242,5.0,Rare Exports: A Christmas Tale,Action|Comedy,2010.0
1531,487,112552,3.0,Whiplash,Drama,2014.0
1532,506,112552,3.5,Whiplash,Drama,2014.0
1533,567,112552,3.5,Whiplash,Drama,2014.0
1534,509,80834,3.5,Sintel,Animation|Fantasy,2010.0
1535,520,60516,4.5,Meet Dave,Adventure|Children|Comedy|Romance|Sci-Fi,2008.0
1536,537,8533,1.5,"Notebook, The",Drama|Romance,2004.0
1537,537,55765,5.0,American Gangster,Crime|Drama|Thriller,2007.0
1538,537,58295,5.0,"Bank Job, The",Action|Crime|Thriller,2008.0
1539,537,69122,4.0,"Hangover, The",Comedy|Crime,2009.0
1540,537,69481,3.5,"Hurt Locker, The",Action|Drama|Thriller|War,2008.0
1541,537,80906,5.0,Inside Job,Documentary,2010.0
1542,537,89745,1.5,"Avengers, The",Action|Adventure|Sci-Fi|IMAX,2012.0
1543,567,89745,4.0,"Avengers, The",Action|Adventure|Sci-Fi|IMAX,2012.0
1544,537,90439,5.0,Margin Call,Drama|Thriller,2011.0
1545,537,95067,3.0,"Thousand Words, A",Comedy|Drama,2012.0
1546,537,97304,4.5,Argo,Drama|Thriller,2012.0
1547,537,104218,3.5,Grown Ups 2,Comedy,2013.0
1548,537,104841,3.0,Gravity,Action|Sci-Fi|IMAX,2013.0
1549,537,105504,5.0,Captain Phillips,Adventure|Drama|Thriller|IMAX,2013.0
1550,567,105504,3.0,Captain Phillips,Adventure|Drama|Thriller|IMAX,2013.0
1551,567,1916,5.0,Buffalo '66,Drama|Romance,1998.0
1552,567,2138,4.5,Watership Down,Adventure|Animation|Children|Drama|Fantasy,1978.0
1553,567,2731,3.5,"400 Blows, The",Crime|Drama,1959.0
1554,567,3134,3.0,Grand Illusion,Drama|War,1937.0
1555,567,3266,5.0,Man Bites Dog,Comedy|Crime|Drama|Thriller,1992.0
1556,567,3671,4.5,Blazing Saddles,Comedy|Western,1974.0
1557,567,3676,5.0,Eraserhead,Drama|Horror,1977.0
1558,567,4144,4.5,In the Mood For Love,Drama|Romance,2000.0
1559,567,4552,3.5,"Tetsuo, the Ironman",Action|Horror|Sci-Fi|Thriller,1988.0
1560,567,6214,3.0,Irreversible,Crime|Drama|Mystery|Thriller,2002.0
1561,567,6818,5.0,Come and See,Drama|War,1985.0
1562,567,7024,4.0,"Salo, or The 120 Days of Sodom",Drama,1976.0
1563,567,8335,3.5,Make Way for Tomorrow,Drama,1937.0
1564,567,8477,5.0,"Jetée, La",Romance|Sci-Fi,1962.0
1565,567,25771,5.0,"Andalusian Dog, An",Fantasy,1929.0
1566,567,26717,0.5,Begotten,Drama|Horror,1990.0
1567,567,27773,4.5,Old Boy,Mystery|Thriller,2003.0
1568,567,30810,4.0,"Life Aquatic with Steve Zissou, The",Adventure|Comedy|Fantasy,2004.0
1569,567,40491,5.0,"Match Factory Girl, The",Comedy|Drama,1990.0
1570,567,45880,3.0,Marie Antoinette,Drama|Romance,2006.0
1571,567,48394,3.0,Pan's Labyrinth,Drama|Fantasy|Thriller,2006.0
1572,567,56782,5.0,There Will Be Blood,Drama|Western,2007.0
1573,567,57502,4.0,Cat Soup,Adventure|Animation|Drama|Horror,2001.0
1574,567,63062,3.5,Changeling,Crime|Drama|Mystery,2008.0
1575,567,71899,5.0,Mary and Max,Animation|Comedy|Drama,2009.0
1576,567,74791,3.5,"Town Called Panic, A",Animation,2009.0
1577,567,80463,3.5,"Social Network, The",Drama,2010.0
1578,567,94959,3.5,Moonrise Kingdom,Comedy|Drama|Romance,2012.0
1579,567,95558,3.0,Beasts of the Southern Wild,Drama|Fantasy,2012.0
1580,567,96079,3.0,Skyfall,Action|Adventure|Thriller|IMAX,2012.0
1581,567,99764,5.0,It's Such a Beautiful Day,Animation|Comedy|Drama|Fantasy|Sci-Fi,2012.0
1582,567,99917,3.5,Upstream Color,Romance|Sci-Fi|Thriller,2013.0
1583,567,104875,3.5,"History of Future Folk, The",Adventure|Comedy|Musical|Sci-Fi,2012.0
1584,567,104944,3.5,Short Term 12,Drama,2013.0
1585,567,106766,4.0,Inside Llewyn Davis,Drama,2013.0
1586,567,107406,3.0,Snowpiercer,Action|Drama|Sci-Fi,2013.0
1587,567,108932,4.5,The Lego Movie,Action|Adventure|Animation|Children|Comedy|Fantasy,2014.0
1588,567,112421,4.5,Frank,Comedy|Drama|Mystery,2014.0
1589,567,112852,3.5,Guardians of the Galaxy,Action|Adventure|Sci-Fi,2014.0
1590,567,113705,3.5,"Two Days, One Night",Drama,2014.0
1591,567,114627,3.5,Angel's Egg,Animation|Drama|Fantasy,1985.0
1592,567,116797,3.0,The Imitation Game,Drama|Thriller|War,2014.0
1593,567,117877,3.0,The Rabbi's Cat,Adventure|Animation,2011.0
1594,567,117887,3.5,Paddington,Children|Comedy,2014.0
1595,567,119145,3.0,Kingsman: The Secret Service,Action|Adventure|Comedy|Crime,2015.0
1596,567,122882,4.0,Mad Max: Fury Road,Action|Adventure|Sci-Fi|Thriller,2015.0
1597,567,122916,3.0,Thor: Ragnarok,Action|Adventure|Sci-Fi,2017.0
1598,567,122918,3.5,Guardians of the Galaxy 2,Action|Adventure|Sci-Fi,2017.0
1599,567,122922,3.0,Doctor Strange,Action|Adventure|Sci-Fi,2016.0
1600,567,127298,3.5,A Pigeon Sat on a Branch Reflecting on Existence,Comedy|Drama,2014.0
1601,567,134130,3.0,The Martian,Adventure|Drama|Sci-Fi,2015.0
1602,567,134170,4.5,Kung Fury,Action|Comedy|Fantasy|Sci-Fi,2015.0
1603,567,138036,3.0,The Man from U.N.C.L.E.,Action|Adventure|Comedy,2015.0
1604,567,139644,3.5,Sicario,Crime|Drama|Mystery,2015.0
1605,567,140174,3.0,Room,Drama,2015.0
1606,567,141890,3.0,Beasts of No Nation,Drama|War,2015.0
1607,567,143367,4.5,Silence,Drama|Thriller,2016.0
1608,567,148626,3.0,"Big Short, The",Drama,2015.0
1609,567,148881,5.0,World of Tomorrow,Animation|Comedy,2015.0
1610,567,152077,3.0,10 Cloverfield Lane,Thriller,2016.0
1611,567,153070,3.5,Rabbits,Comedy|Drama|Fantasy,2002.0
1612,567,155288,3.5,Eye in the Sky,Drama|Thriller|War,2016.0
1613,567,156605,4.5,Paterson,(no genres listed),
1614,567,161634,3.0,Don't Breathe,Thriller,2016.0
1615,567,164179,4.0,Arrival,Sci-Fi,2016.0
1616,567,164909,3.0,La La Land,Comedy|Drama|Romance,2016.0
1617,567,167746,3.5,The Lego Batman Movie,Action|Animation|Comedy,2017.0
1618,567,168252,4.0,Logan,Action|Sci-Fi,2017.0
1619,567,170945,3.5,It Comes at Night,Horror|Mystery|Thriller,2017.0
1620,567,174055,3.5,Dunkirk,Action|Drama|Thriller|War,2017.0
1621,567,176371,5.0,Blade Runner 2049,Sci-Fi,2017.0
1622,567,176419,3.0,Mother!,Drama|Horror|Mystery|Thriller,2017.0
1623,567,180031,4.0,The Shape of Water,Adventure|Drama|Fantasy,2017.0
1624,567,180985,1.0,The Greatest Showman,Drama,2017.0
1625,573,836,3.0,Chain Reaction,Action|Adventure|Thriller,1996.0
1626,573,1801,4.0,"Man in the Iron Mask, The",Action|Adventure|Drama,1998.0
1627,573,5254,4.5,Blade II,Action|Horror|Thriller,2002.0
1628,573,35836,5.0,"40-Year-Old Virgin, The",Comedy|Romance,2005.0
1629,573,52712,0.5,"Invisible, The",Crime|Drama|Fantasy|Mystery|Thriller,2007.0
1630,606,1357,4.0,Shine,Drama|Romance,1996.0
1631,606,1948,3.5,Tom Jones,Adventure|Comedy|Romance,1963.0
1632,606,5694,3.0,Staying Alive,Comedy|Drama|Musical,1983.0
1633,606,6107,4.0,Night of the Shooting Stars,Drama|War,1982.0
1634,610,3265,5.0,Hard-Boiled,Action|Crime|Drama|Thriller,1992.0
